"","Threshold","power_open","dcy_indx","PXID"
"1","0.01","412","0","PXD002470"
"2","0.011","412","0","PXD002470"
"3","0.012","432","0","PXD002470"
"4","0.013","432","0","PXD002470"
"5","0.014","432","0","PXD002470"
"6","0.015","432","0","PXD002470"
"7","0.016","439","0","PXD002470"
"8","0.017","439","0","PXD002470"
"9","0.018","450","0","PXD002470"
"10","0.019","450","0","PXD002470"
"11","0.02","450","0","PXD002470"
"12","0.021","450","0","PXD002470"
"13","0.022","450","0","PXD002470"
"14","0.023","450","0","PXD002470"
"15","0.024","450","0","PXD002470"
"16","0.025","452","0","PXD002470"
"17","0.026","452","0","PXD002470"
"18","0.027","452","0","PXD002470"
"19","0.028","452","0","PXD002470"
"20","0.029","452","0","PXD002470"
"21","0.03","452","0","PXD002470"
"22","0.031","452","0","PXD002470"
"23","0.032","452","0","PXD002470"
"24","0.033","463","0","PXD002470"
"25","0.034","463","0","PXD002470"
"26","0.035","465","0","PXD002470"
"27","0.036","465","0","PXD002470"
"28","0.037","468","0","PXD002470"
"29","0.038","468","0","PXD002470"
"30","0.039","468","0","PXD002470"
"31","0.04","468","0","PXD002470"
"32","0.041","469","0","PXD002470"
"33","0.042","469","0","PXD002470"
"34","0.043","471","0","PXD002470"
"35","0.044","471","0","PXD002470"
"36","0.045","471","0","PXD002470"
"37","0.046","471","0","PXD002470"
"38","0.047","471","0","PXD002470"
"39","0.048","471","0","PXD002470"
"40","0.049","472","0","PXD002470"
"41","0.05","472","0","PXD002470"
"42","0.01","441","1","PXD002470"
"43","0.011","441","1","PXD002470"
"44","0.012","446","1","PXD002470"
"45","0.013","446","1","PXD002470"
"46","0.014","446","1","PXD002470"
"47","0.015","446","1","PXD002470"
"48","0.016","448","1","PXD002470"
"49","0.017","448","1","PXD002470"
"50","0.018","449","1","PXD002470"
"51","0.019","449","1","PXD002470"
"52","0.02","457","1","PXD002470"
"53","0.021","457","1","PXD002470"
"54","0.022","471","1","PXD002470"
"55","0.023","471","1","PXD002470"
"56","0.024","471","1","PXD002470"
"57","0.025","471","1","PXD002470"
"58","0.026","471","1","PXD002470"
"59","0.027","471","1","PXD002470"
"60","0.028","473","1","PXD002470"
"61","0.029","473","1","PXD002470"
"62","0.03","474","1","PXD002470"
"63","0.031","474","1","PXD002470"
"64","0.032","475","1","PXD002470"
"65","0.033","475","1","PXD002470"
"66","0.034","478","1","PXD002470"
"67","0.035","478","1","PXD002470"
"68","0.036","483","1","PXD002470"
"69","0.037","483","1","PXD002470"
"70","0.038","484","1","PXD002470"
"71","0.039","484","1","PXD002470"
"72","0.04","484","1","PXD002470"
"73","0.041","484","1","PXD002470"
"74","0.042","484","1","PXD002470"
"75","0.043","490","1","PXD002470"
"76","0.044","490","1","PXD002470"
"77","0.045","490","1","PXD002470"
"78","0.046","490","1","PXD002470"
"79","0.047","492","1","PXD002470"
"80","0.048","492","1","PXD002470"
"81","0.049","492","1","PXD002470"
"82","0.05","492","1","PXD002470"
"83","0.01","926","0","PXD006856"
"84","0.011","926","0","PXD006856"
"85","0.012","932","0","PXD006856"
"86","0.013","952","0","PXD006856"
"87","0.014","963","0","PXD006856"
"88","0.015","967","0","PXD006856"
"89","0.016","987","0","PXD006856"
"90","0.017","988","0","PXD006856"
"91","0.018","988","0","PXD006856"
"92","0.019","988","0","PXD006856"
"93","0.02","991","0","PXD006856"
"94","0.021","995","0","PXD006856"
"95","0.022","997","0","PXD006856"
"96","0.023","997","0","PXD006856"
"97","0.024","997","0","PXD006856"
"98","0.025","1007","0","PXD006856"
"99","0.026","1007","0","PXD006856"
"100","0.027","1012","0","PXD006856"
"101","0.028","1012","0","PXD006856"
"102","0.029","1015","0","PXD006856"
"103","0.03","1017","0","PXD006856"
"104","0.031","1017","0","PXD006856"
"105","0.032","1032","0","PXD006856"
"106","0.033","1041","0","PXD006856"
"107","0.034","1044","0","PXD006856"
"108","0.035","1046","0","PXD006856"
"109","0.036","1049","0","PXD006856"
"110","0.037","1049","0","PXD006856"
"111","0.038","1049","0","PXD006856"
"112","0.039","1050","0","PXD006856"
"113","0.04","1054","0","PXD006856"
"114","0.041","1054","0","PXD006856"
"115","0.042","1064","0","PXD006856"
"116","0.043","1064","0","PXD006856"
"117","0.044","1071","0","PXD006856"
"118","0.045","1071","0","PXD006856"
"119","0.046","1072","0","PXD006856"
"120","0.047","1072","0","PXD006856"
"121","0.048","1072","0","PXD006856"
"122","0.049","1074","0","PXD006856"
"123","0.05","1075","0","PXD006856"
"124","0.01","972","1","PXD006856"
"125","0.011","987","1","PXD006856"
"126","0.012","993","1","PXD006856"
"127","0.013","1022","1","PXD006856"
"128","0.014","1030","1","PXD006856"
"129","0.015","1035","1","PXD006856"
"130","0.016","1042","1","PXD006856"
"131","0.017","1043","1","PXD006856"
"132","0.018","1066","1","PXD006856"
"133","0.019","1070","1","PXD006856"
"134","0.02","1072","1","PXD006856"
"135","0.021","1075","1","PXD006856"
"136","0.022","1076","1","PXD006856"
"137","0.023","1076","1","PXD006856"
"138","0.024","1084","1","PXD006856"
"139","0.025","1085","1","PXD006856"
"140","0.026","1093","1","PXD006856"
"141","0.027","1095","1","PXD006856"
"142","0.028","1097","1","PXD006856"
"143","0.029","1100","1","PXD006856"
"144","0.03","1101","1","PXD006856"
"145","0.031","1104","1","PXD006856"
"146","0.032","1105","1","PXD006856"
"147","0.033","1109","1","PXD006856"
"148","0.034","1110","1","PXD006856"
"149","0.035","1110","1","PXD006856"
"150","0.036","1110","1","PXD006856"
"151","0.037","1112","1","PXD006856"
"152","0.038","1122","1","PXD006856"
"153","0.039","1122","1","PXD006856"
"154","0.04","1127","1","PXD006856"
"155","0.041","1128","1","PXD006856"
"156","0.042","1128","1","PXD006856"
"157","0.043","1130","1","PXD006856"
"158","0.044","1130","1","PXD006856"
"159","0.045","1130","1","PXD006856"
"160","0.046","1134","1","PXD006856"
"161","0.047","1137","1","PXD006856"
"162","0.048","1138","1","PXD006856"
"163","0.049","1139","1","PXD006856"
"164","0.05","1142","1","PXD006856"
"165","0.01","9102","0","PXD008920"
"166","0.011","9116","0","PXD008920"
"167","0.012","9129","0","PXD008920"
"168","0.013","9146","0","PXD008920"
"169","0.014","9162","0","PXD008920"
"170","0.015","9175","0","PXD008920"
"171","0.016","9194","0","PXD008920"
"172","0.017","9203","0","PXD008920"
"173","0.018","9214","0","PXD008920"
"174","0.019","9234","0","PXD008920"
"175","0.02","9247","0","PXD008920"
"176","0.021","9259","0","PXD008920"
"177","0.022","9271","0","PXD008920"
"178","0.023","9284","0","PXD008920"
"179","0.024","9295","0","PXD008920"
"180","0.025","9306","0","PXD008920"
"181","0.026","9327","0","PXD008920"
"182","0.027","9337","0","PXD008920"
"183","0.028","9344","0","PXD008920"
"184","0.029","9351","0","PXD008920"
"185","0.03","9364","0","PXD008920"
"186","0.031","9377","0","PXD008920"
"187","0.032","9394","0","PXD008920"
"188","0.033","9410","0","PXD008920"
"189","0.034","9414","0","PXD008920"
"190","0.035","9429","0","PXD008920"
"191","0.036","9445","0","PXD008920"
"192","0.037","9450","0","PXD008920"
"193","0.038","9462","0","PXD008920"
"194","0.039","9471","0","PXD008920"
"195","0.04","9483","0","PXD008920"
"196","0.041","9501","0","PXD008920"
"197","0.042","9511","0","PXD008920"
"198","0.043","9513","0","PXD008920"
"199","0.044","9524","0","PXD008920"
"200","0.045","9534","0","PXD008920"
"201","0.046","9555","0","PXD008920"
"202","0.047","9566","0","PXD008920"
"203","0.048","9580","0","PXD008920"
"204","0.049","9593","0","PXD008920"
"205","0.05","9609","0","PXD008920"
"206","0.01","9073","1","PXD008920"
"207","0.011","9107","1","PXD008920"
"208","0.012","9126","1","PXD008920"
"209","0.013","9179","1","PXD008920"
"210","0.014","9197","1","PXD008920"
"211","0.015","9235","1","PXD008920"
"212","0.016","9243","1","PXD008920"
"213","0.017","9288","1","PXD008920"
"214","0.018","9309","1","PXD008920"
"215","0.019","9318","1","PXD008920"
"216","0.02","9350","1","PXD008920"
"217","0.021","9362","1","PXD008920"
"218","0.022","9368","1","PXD008920"
"219","0.023","9384","1","PXD008920"
"220","0.024","9398","1","PXD008920"
"221","0.025","9407","1","PXD008920"
"222","0.026","9411","1","PXD008920"
"223","0.027","9417","1","PXD008920"
"224","0.028","9433","1","PXD008920"
"225","0.029","9444","1","PXD008920"
"226","0.03","9459","1","PXD008920"
"227","0.031","9480","1","PXD008920"
"228","0.032","9488","1","PXD008920"
"229","0.033","9495","1","PXD008920"
"230","0.034","9513","1","PXD008920"
"231","0.035","9527","1","PXD008920"
"232","0.036","9543","1","PXD008920"
"233","0.037","9553","1","PXD008920"
"234","0.038","9558","1","PXD008920"
"235","0.039","9574","1","PXD008920"
"236","0.04","9591","1","PXD008920"
"237","0.041","9620","1","PXD008920"
"238","0.042","9626","1","PXD008920"
"239","0.043","9638","1","PXD008920"
"240","0.044","9646","1","PXD008920"
"241","0.045","9656","1","PXD008920"
"242","0.046","9665","1","PXD008920"
"243","0.047","9673","1","PXD008920"
"244","0.048","9679","1","PXD008920"
"245","0.049","9699","1","PXD008920"
"246","0.05","9715","1","PXD008920"
"247","0.01","8844","0","PXD008996"
"248","0.011","8874","0","PXD008996"
"249","0.012","8905","0","PXD008996"
"250","0.013","8933","0","PXD008996"
"251","0.014","8961","0","PXD008996"
"252","0.015","8977","0","PXD008996"
"253","0.016","9007","0","PXD008996"
"254","0.017","9025","0","PXD008996"
"255","0.018","9051","0","PXD008996"
"256","0.019","9072","0","PXD008996"
"257","0.02","9096","0","PXD008996"
"258","0.021","9110","0","PXD008996"
"259","0.022","9114","0","PXD008996"
"260","0.023","9129","0","PXD008996"
"261","0.024","9142","0","PXD008996"
"262","0.025","9149","0","PXD008996"
"263","0.026","9166","0","PXD008996"
"264","0.027","9185","0","PXD008996"
"265","0.028","9196","0","PXD008996"
"266","0.029","9207","0","PXD008996"
"267","0.03","9220","0","PXD008996"
"268","0.031","9230","0","PXD008996"
"269","0.032","9244","0","PXD008996"
"270","0.033","9274","0","PXD008996"
"271","0.034","9286","0","PXD008996"
"272","0.035","9304","0","PXD008996"
"273","0.036","9316","0","PXD008996"
"274","0.037","9339","0","PXD008996"
"275","0.038","9351","0","PXD008996"
"276","0.039","9365","0","PXD008996"
"277","0.04","9376","0","PXD008996"
"278","0.041","9384","0","PXD008996"
"279","0.042","9399","0","PXD008996"
"280","0.043","9405","0","PXD008996"
"281","0.044","9434","0","PXD008996"
"282","0.045","9452","0","PXD008996"
"283","0.046","9463","0","PXD008996"
"284","0.047","9482","0","PXD008996"
"285","0.048","9497","0","PXD008996"
"286","0.049","9504","0","PXD008996"
"287","0.05","9513","0","PXD008996"
"288","0.01","8953","1","PXD008996"
"289","0.011","8966","1","PXD008996"
"290","0.012","9004","1","PXD008996"
"291","0.013","9026","1","PXD008996"
"292","0.014","9043","1","PXD008996"
"293","0.015","9062","1","PXD008996"
"294","0.016","9096","1","PXD008996"
"295","0.017","9143","1","PXD008996"
"296","0.018","9164","1","PXD008996"
"297","0.019","9181","1","PXD008996"
"298","0.02","9202","1","PXD008996"
"299","0.021","9218","1","PXD008996"
"300","0.022","9252","1","PXD008996"
"301","0.023","9267","1","PXD008996"
"302","0.024","9274","1","PXD008996"
"303","0.025","9287","1","PXD008996"
"304","0.026","9302","1","PXD008996"
"305","0.027","9308","1","PXD008996"
"306","0.028","9341","1","PXD008996"
"307","0.029","9354","1","PXD008996"
"308","0.03","9369","1","PXD008996"
"309","0.031","9372","1","PXD008996"
"310","0.032","9385","1","PXD008996"
"311","0.033","9395","1","PXD008996"
"312","0.034","9404","1","PXD008996"
"313","0.035","9410","1","PXD008996"
"314","0.036","9430","1","PXD008996"
"315","0.037","9452","1","PXD008996"
"316","0.038","9471","1","PXD008996"
"317","0.039","9478","1","PXD008996"
"318","0.04","9495","1","PXD008996"
"319","0.041","9513","1","PXD008996"
"320","0.042","9519","1","PXD008996"
"321","0.043","9525","1","PXD008996"
"322","0.044","9549","1","PXD008996"
"323","0.045","9561","1","PXD008996"
"324","0.046","9577","1","PXD008996"
"325","0.047","9596","1","PXD008996"
"326","0.048","9609","1","PXD008996"
"327","0.049","9617","1","PXD008996"
"328","0.05","9644","1","PXD008996"
"329","0.01","1786","0","PXD010413"
"330","0.011","1826","0","PXD010413"
"331","0.012","1828","0","PXD010413"
"332","0.013","1834","0","PXD010413"
"333","0.014","1882","0","PXD010413"
"334","0.015","1907","0","PXD010413"
"335","0.016","1921","0","PXD010413"
"336","0.017","1943","0","PXD010413"
"337","0.018","1950","0","PXD010413"
"338","0.019","1958","0","PXD010413"
"339","0.02","1993","0","PXD010413"
"340","0.021","2008","0","PXD010413"
"341","0.022","2013","0","PXD010413"
"342","0.023","2037","0","PXD010413"
"343","0.024","2037","0","PXD010413"
"344","0.025","2058","0","PXD010413"
"345","0.026","2065","0","PXD010413"
"346","0.027","2085","0","PXD010413"
"347","0.028","2118","0","PXD010413"
"348","0.029","2125","0","PXD010413"
"349","0.03","2136","0","PXD010413"
"350","0.031","2145","0","PXD010413"
"351","0.032","2157","0","PXD010413"
"352","0.033","2159","0","PXD010413"
"353","0.034","2160","0","PXD010413"
"354","0.035","2162","0","PXD010413"
"355","0.036","2175","0","PXD010413"
"356","0.037","2176","0","PXD010413"
"357","0.038","2213","0","PXD010413"
"358","0.039","2243","0","PXD010413"
"359","0.04","2265","0","PXD010413"
"360","0.041","2273","0","PXD010413"
"361","0.042","2278","0","PXD010413"
"362","0.043","2281","0","PXD010413"
"363","0.044","2290","0","PXD010413"
"364","0.045","2307","0","PXD010413"
"365","0.046","2321","0","PXD010413"
"366","0.047","2331","0","PXD010413"
"367","0.048","2331","0","PXD010413"
"368","0.049","2333","0","PXD010413"
"369","0.05","2341","0","PXD010413"
"370","0.01","1715","1","PXD010413"
"371","0.011","1753","1","PXD010413"
"372","0.012","1764","1","PXD010413"
"373","0.013","1807","1","PXD010413"
"374","0.014","1816","1","PXD010413"
"375","0.015","1819","1","PXD010413"
"376","0.016","1905","1","PXD010413"
"377","0.017","1956","1","PXD010413"
"378","0.018","1981","1","PXD010413"
"379","0.019","2007","1","PXD010413"
"380","0.02","2012","1","PXD010413"
"381","0.021","2024","1","PXD010413"
"382","0.022","2038","1","PXD010413"
"383","0.023","2048","1","PXD010413"
"384","0.024","2053","1","PXD010413"
"385","0.025","2085","1","PXD010413"
"386","0.026","2097","1","PXD010413"
"387","0.027","2126","1","PXD010413"
"388","0.028","2134","1","PXD010413"
"389","0.029","2149","1","PXD010413"
"390","0.03","2153","1","PXD010413"
"391","0.031","2161","1","PXD010413"
"392","0.032","2188","1","PXD010413"
"393","0.033","2197","1","PXD010413"
"394","0.034","2206","1","PXD010413"
"395","0.035","2220","1","PXD010413"
"396","0.036","2236","1","PXD010413"
"397","0.037","2252","1","PXD010413"
"398","0.038","2252","1","PXD010413"
"399","0.039","2259","1","PXD010413"
"400","0.04","2262","1","PXD010413"
"401","0.041","2271","1","PXD010413"
"402","0.042","2280","1","PXD010413"
"403","0.043","2290","1","PXD010413"
"404","0.044","2304","1","PXD010413"
"405","0.045","2306","1","PXD010413"
"406","0.046","2312","1","PXD010413"
"407","0.047","2322","1","PXD010413"
"408","0.048","2325","1","PXD010413"
"409","0.049","2338","1","PXD010413"
"410","0.05","2341","1","PXD010413"
"411","0.01","2034","0","PXD010504"
"412","0.011","2067","0","PXD010504"
"413","0.012","2094","0","PXD010504"
"414","0.013","2096","0","PXD010504"
"415","0.014","2098","0","PXD010504"
"416","0.015","2102","0","PXD010504"
"417","0.016","2106","0","PXD010504"
"418","0.017","2122","0","PXD010504"
"419","0.018","2155","0","PXD010504"
"420","0.019","2166","0","PXD010504"
"421","0.02","2170","0","PXD010504"
"422","0.021","2178","0","PXD010504"
"423","0.022","2185","0","PXD010504"
"424","0.023","2187","0","PXD010504"
"425","0.024","2188","0","PXD010504"
"426","0.025","2201","0","PXD010504"
"427","0.026","2205","0","PXD010504"
"428","0.027","2224","0","PXD010504"
"429","0.028","2228","0","PXD010504"
"430","0.029","2239","0","PXD010504"
"431","0.03","2244","0","PXD010504"
"432","0.031","2255","0","PXD010504"
"433","0.032","2260","0","PXD010504"
"434","0.033","2266","0","PXD010504"
"435","0.034","2280","0","PXD010504"
"436","0.035","2281","0","PXD010504"
"437","0.036","2285","0","PXD010504"
"438","0.037","2289","0","PXD010504"
"439","0.038","2298","0","PXD010504"
"440","0.039","2299","0","PXD010504"
"441","0.04","2306","0","PXD010504"
"442","0.041","2312","0","PXD010504"
"443","0.042","2316","0","PXD010504"
"444","0.043","2336","0","PXD010504"
"445","0.044","2337","0","PXD010504"
"446","0.045","2338","0","PXD010504"
"447","0.046","2340","0","PXD010504"
"448","0.047","2342","0","PXD010504"
"449","0.048","2345","0","PXD010504"
"450","0.049","2347","0","PXD010504"
"451","0.05","2349","0","PXD010504"
"452","0.01","2051","1","PXD010504"
"453","0.011","2053","1","PXD010504"
"454","0.012","2053","1","PXD010504"
"455","0.013","2077","1","PXD010504"
"456","0.014","2086","1","PXD010504"
"457","0.015","2089","1","PXD010504"
"458","0.016","2101","1","PXD010504"
"459","0.017","2135","1","PXD010504"
"460","0.018","2167","1","PXD010504"
"461","0.019","2177","1","PXD010504"
"462","0.02","2182","1","PXD010504"
"463","0.021","2202","1","PXD010504"
"464","0.022","2205","1","PXD010504"
"465","0.023","2206","1","PXD010504"
"466","0.024","2219","1","PXD010504"
"467","0.025","2225","1","PXD010504"
"468","0.026","2238","1","PXD010504"
"469","0.027","2253","1","PXD010504"
"470","0.028","2256","1","PXD010504"
"471","0.029","2270","1","PXD010504"
"472","0.03","2276","1","PXD010504"
"473","0.031","2277","1","PXD010504"
"474","0.032","2287","1","PXD010504"
"475","0.033","2308","1","PXD010504"
"476","0.034","2313","1","PXD010504"
"477","0.035","2317","1","PXD010504"
"478","0.036","2318","1","PXD010504"
"479","0.037","2332","1","PXD010504"
"480","0.038","2333","1","PXD010504"
"481","0.039","2338","1","PXD010504"
"482","0.04","2339","1","PXD010504"
"483","0.041","2342","1","PXD010504"
"484","0.042","2344","1","PXD010504"
"485","0.043","2346","1","PXD010504"
"486","0.044","2346","1","PXD010504"
"487","0.045","2349","1","PXD010504"
"488","0.046","2352","1","PXD010504"
"489","0.047","2356","1","PXD010504"
"490","0.048","2363","1","PXD010504"
"491","0.049","2370","1","PXD010504"
"492","0.05","2377","1","PXD010504"
"493","0.01","555","0","PXD012528"
"494","0.011","556","0","PXD012528"
"495","0.012","556","0","PXD012528"
"496","0.013","559","0","PXD012528"
"497","0.014","575","0","PXD012528"
"498","0.015","575","0","PXD012528"
"499","0.016","576","0","PXD012528"
"500","0.017","576","0","PXD012528"
"501","0.018","579","0","PXD012528"
"502","0.019","597","0","PXD012528"
"503","0.02","597","0","PXD012528"
"504","0.021","597","0","PXD012528"
"505","0.022","604","0","PXD012528"
"506","0.023","612","0","PXD012528"
"507","0.024","612","0","PXD012528"
"508","0.025","615","0","PXD012528"
"509","0.026","620","0","PXD012528"
"510","0.027","620","0","PXD012528"
"511","0.028","620","0","PXD012528"
"512","0.029","624","0","PXD012528"
"513","0.03","624","0","PXD012528"
"514","0.031","632","0","PXD012528"
"515","0.032","637","0","PXD012528"
"516","0.033","644","0","PXD012528"
"517","0.034","648","0","PXD012528"
"518","0.035","648","0","PXD012528"
"519","0.036","653","0","PXD012528"
"520","0.037","661","0","PXD012528"
"521","0.038","669","0","PXD012528"
"522","0.039","669","0","PXD012528"
"523","0.04","669","0","PXD012528"
"524","0.041","669","0","PXD012528"
"525","0.042","671","0","PXD012528"
"526","0.043","671","0","PXD012528"
"527","0.044","671","0","PXD012528"
"528","0.045","671","0","PXD012528"
"529","0.046","671","0","PXD012528"
"530","0.047","673","0","PXD012528"
"531","0.048","673","0","PXD012528"
"532","0.049","675","0","PXD012528"
"533","0.05","675","0","PXD012528"
"534","0.01","504","1","PXD012528"
"535","0.011","504","1","PXD012528"
"536","0.012","504","1","PXD012528"
"537","0.013","504","1","PXD012528"
"538","0.014","523","1","PXD012528"
"539","0.015","523","1","PXD012528"
"540","0.016","532","1","PXD012528"
"541","0.017","537","1","PXD012528"
"542","0.018","537","1","PXD012528"
"543","0.019","545","1","PXD012528"
"544","0.02","557","1","PXD012528"
"545","0.021","557","1","PXD012528"
"546","0.022","561","1","PXD012528"
"547","0.023","561","1","PXD012528"
"548","0.024","562","1","PXD012528"
"549","0.025","563","1","PXD012528"
"550","0.026","563","1","PXD012528"
"551","0.027","566","1","PXD012528"
"552","0.028","566","1","PXD012528"
"553","0.029","566","1","PXD012528"
"554","0.03","567","1","PXD012528"
"555","0.031","567","1","PXD012528"
"556","0.032","574","1","PXD012528"
"557","0.033","576","1","PXD012528"
"558","0.034","576","1","PXD012528"
"559","0.035","578","1","PXD012528"
"560","0.036","578","1","PXD012528"
"561","0.037","580","1","PXD012528"
"562","0.038","583","1","PXD012528"
"563","0.039","583","1","PXD012528"
"564","0.04","586","1","PXD012528"
"565","0.041","594","1","PXD012528"
"566","0.042","597","1","PXD012528"
"567","0.043","597","1","PXD012528"
"568","0.044","597","1","PXD012528"
"569","0.045","597","1","PXD012528"
"570","0.046","597","1","PXD012528"
"571","0.047","598","1","PXD012528"
"572","0.048","598","1","PXD012528"
"573","0.049","600","1","PXD012528"
"574","0.05","610","1","PXD012528"
"575","0.01","3553","0","PXD012611"
"576","0.011","3555","0","PXD012611"
"577","0.012","3556","0","PXD012611"
"578","0.013","3559","0","PXD012611"
"579","0.014","3564","0","PXD012611"
"580","0.015","3566","0","PXD012611"
"581","0.016","3575","0","PXD012611"
"582","0.017","3577","0","PXD012611"
"583","0.018","3580","0","PXD012611"
"584","0.019","3585","0","PXD012611"
"585","0.02","3601","0","PXD012611"
"586","0.021","3604","0","PXD012611"
"587","0.022","3609","0","PXD012611"
"588","0.023","3613","0","PXD012611"
"589","0.024","3631","0","PXD012611"
"590","0.025","3632","0","PXD012611"
"591","0.026","3633","0","PXD012611"
"592","0.027","3636","0","PXD012611"
"593","0.028","3645","0","PXD012611"
"594","0.029","3647","0","PXD012611"
"595","0.03","3653","0","PXD012611"
"596","0.031","3656","0","PXD012611"
"597","0.032","3661","0","PXD012611"
"598","0.033","3662","0","PXD012611"
"599","0.034","3668","0","PXD012611"
"600","0.035","3677","0","PXD012611"
"601","0.036","3683","0","PXD012611"
"602","0.037","3685","0","PXD012611"
"603","0.038","3692","0","PXD012611"
"604","0.039","3692","0","PXD012611"
"605","0.04","3695","0","PXD012611"
"606","0.041","3697","0","PXD012611"
"607","0.042","3699","0","PXD012611"
"608","0.043","3699","0","PXD012611"
"609","0.044","3699","0","PXD012611"
"610","0.045","3701","0","PXD012611"
"611","0.046","3713","0","PXD012611"
"612","0.047","3719","0","PXD012611"
"613","0.048","3727","0","PXD012611"
"614","0.049","3732","0","PXD012611"
"615","0.05","3732","0","PXD012611"
"616","0.01","3525","1","PXD012611"
"617","0.011","3534","1","PXD012611"
"618","0.012","3536","1","PXD012611"
"619","0.013","3543","1","PXD012611"
"620","0.014","3551","1","PXD012611"
"621","0.015","3554","1","PXD012611"
"622","0.016","3555","1","PXD012611"
"623","0.017","3559","1","PXD012611"
"624","0.018","3563","1","PXD012611"
"625","0.019","3568","1","PXD012611"
"626","0.02","3572","1","PXD012611"
"627","0.021","3579","1","PXD012611"
"628","0.022","3584","1","PXD012611"
"629","0.023","3585","1","PXD012611"
"630","0.024","3591","1","PXD012611"
"631","0.025","3600","1","PXD012611"
"632","0.026","3604","1","PXD012611"
"633","0.027","3607","1","PXD012611"
"634","0.028","3611","1","PXD012611"
"635","0.029","3612","1","PXD012611"
"636","0.03","3618","1","PXD012611"
"637","0.031","3622","1","PXD012611"
"638","0.032","3633","1","PXD012611"
"639","0.033","3633","1","PXD012611"
"640","0.034","3634","1","PXD012611"
"641","0.035","3639","1","PXD012611"
"642","0.036","3641","1","PXD012611"
"643","0.037","3651","1","PXD012611"
"644","0.038","3660","1","PXD012611"
"645","0.039","3664","1","PXD012611"
"646","0.04","3667","1","PXD012611"
"647","0.041","3670","1","PXD012611"
"648","0.042","3673","1","PXD012611"
"649","0.043","3673","1","PXD012611"
"650","0.044","3675","1","PXD012611"
"651","0.045","3678","1","PXD012611"
"652","0.046","3679","1","PXD012611"
"653","0.047","3686","1","PXD012611"
"654","0.048","3696","1","PXD012611"
"655","0.049","3698","1","PXD012611"
"656","0.05","3698","1","PXD012611"
"657","0.01","14916","0","PXD013274_2"
"658","0.011","14929","0","PXD013274_2"
"659","0.012","14942","0","PXD013274_2"
"660","0.013","14960","0","PXD013274_2"
"661","0.014","14978","0","PXD013274_2"
"662","0.015","14998","0","PXD013274_2"
"663","0.016","15021","0","PXD013274_2"
"664","0.017","15037","0","PXD013274_2"
"665","0.018","15042","0","PXD013274_2"
"666","0.019","15060","0","PXD013274_2"
"667","0.02","15078","0","PXD013274_2"
"668","0.021","15096","0","PXD013274_2"
"669","0.022","15109","0","PXD013274_2"
"670","0.023","15137","0","PXD013274_2"
"671","0.024","15169","0","PXD013274_2"
"672","0.025","15192","0","PXD013274_2"
"673","0.026","15210","0","PXD013274_2"
"674","0.027","15228","0","PXD013274_2"
"675","0.028","15240","0","PXD013274_2"
"676","0.029","15264","0","PXD013274_2"
"677","0.03","15273","0","PXD013274_2"
"678","0.031","15284","0","PXD013274_2"
"679","0.032","15298","0","PXD013274_2"
"680","0.033","15319","0","PXD013274_2"
"681","0.034","15333","0","PXD013274_2"
"682","0.035","15342","0","PXD013274_2"
"683","0.036","15358","0","PXD013274_2"
"684","0.037","15373","0","PXD013274_2"
"685","0.038","15383","0","PXD013274_2"
"686","0.039","15395","0","PXD013274_2"
"687","0.04","15405","0","PXD013274_2"
"688","0.041","15417","0","PXD013274_2"
"689","0.042","15433","0","PXD013274_2"
"690","0.043","15450","0","PXD013274_2"
"691","0.044","15457","0","PXD013274_2"
"692","0.045","15465","0","PXD013274_2"
"693","0.046","15475","0","PXD013274_2"
"694","0.047","15487","0","PXD013274_2"
"695","0.048","15505","0","PXD013274_2"
"696","0.049","15516","0","PXD013274_2"
"697","0.05","15523","0","PXD013274_2"
"698","0.01","14973","1","PXD013274_2"
"699","0.011","14988","1","PXD013274_2"
"700","0.012","15010","1","PXD013274_2"
"701","0.013","15039","1","PXD013274_2"
"702","0.014","15052","1","PXD013274_2"
"703","0.015","15079","1","PXD013274_2"
"704","0.016","15094","1","PXD013274_2"
"705","0.017","15113","1","PXD013274_2"
"706","0.018","15123","1","PXD013274_2"
"707","0.019","15132","1","PXD013274_2"
"708","0.02","15150","1","PXD013274_2"
"709","0.021","15168","1","PXD013274_2"
"710","0.022","15179","1","PXD013274_2"
"711","0.023","15195","1","PXD013274_2"
"712","0.024","15224","1","PXD013274_2"
"713","0.025","15245","1","PXD013274_2"
"714","0.026","15254","1","PXD013274_2"
"715","0.027","15269","1","PXD013274_2"
"716","0.028","15279","1","PXD013274_2"
"717","0.029","15301","1","PXD013274_2"
"718","0.03","15314","1","PXD013274_2"
"719","0.031","15323","1","PXD013274_2"
"720","0.032","15331","1","PXD013274_2"
"721","0.033","15349","1","PXD013274_2"
"722","0.034","15360","1","PXD013274_2"
"723","0.035","15369","1","PXD013274_2"
"724","0.036","15383","1","PXD013274_2"
"725","0.037","15400","1","PXD013274_2"
"726","0.038","15411","1","PXD013274_2"
"727","0.039","15428","1","PXD013274_2"
"728","0.04","15440","1","PXD013274_2"
"729","0.041","15450","1","PXD013274_2"
"730","0.042","15471","1","PXD013274_2"
"731","0.043","15485","1","PXD013274_2"
"732","0.044","15497","1","PXD013274_2"
"733","0.045","15517","1","PXD013274_2"
"734","0.046","15525","1","PXD013274_2"
"735","0.047","15536","1","PXD013274_2"
"736","0.048","15544","1","PXD013274_2"
"737","0.049","15554","1","PXD013274_2"
"738","0.05","15571","1","PXD013274_2"
"739","0.01","2417","0","PXD014277"
"740","0.011","2426","0","PXD014277"
"741","0.012","2433","0","PXD014277"
"742","0.013","2452","0","PXD014277"
"743","0.014","2466","0","PXD014277"
"744","0.015","2472","0","PXD014277"
"745","0.016","2477","0","PXD014277"
"746","0.017","2502","0","PXD014277"
"747","0.018","2510","0","PXD014277"
"748","0.019","2517","0","PXD014277"
"749","0.02","2530","0","PXD014277"
"750","0.021","2536","0","PXD014277"
"751","0.022","2550","0","PXD014277"
"752","0.023","2552","0","PXD014277"
"753","0.024","2566","0","PXD014277"
"754","0.025","2573","0","PXD014277"
"755","0.026","2590","0","PXD014277"
"756","0.027","2613","0","PXD014277"
"757","0.028","2633","0","PXD014277"
"758","0.029","2643","0","PXD014277"
"759","0.03","2644","0","PXD014277"
"760","0.031","2648","0","PXD014277"
"761","0.032","2653","0","PXD014277"
"762","0.033","2656","0","PXD014277"
"763","0.034","2664","0","PXD014277"
"764","0.035","2672","0","PXD014277"
"765","0.036","2674","0","PXD014277"
"766","0.037","2688","0","PXD014277"
"767","0.038","2714","0","PXD014277"
"768","0.039","2720","0","PXD014277"
"769","0.04","2723","0","PXD014277"
"770","0.041","2733","0","PXD014277"
"771","0.042","2733","0","PXD014277"
"772","0.043","2746","0","PXD014277"
"773","0.044","2746","0","PXD014277"
"774","0.045","2747","0","PXD014277"
"775","0.046","2752","0","PXD014277"
"776","0.047","2757","0","PXD014277"
"777","0.048","2762","0","PXD014277"
"778","0.049","2763","0","PXD014277"
"779","0.05","2765","0","PXD014277"
"780","0.01","2405","1","PXD014277"
"781","0.011","2424","1","PXD014277"
"782","0.012","2443","1","PXD014277"
"783","0.013","2456","1","PXD014277"
"784","0.014","2513","1","PXD014277"
"785","0.015","2514","1","PXD014277"
"786","0.016","2532","1","PXD014277"
"787","0.017","2542","1","PXD014277"
"788","0.018","2562","1","PXD014277"
"789","0.019","2565","1","PXD014277"
"790","0.02","2582","1","PXD014277"
"791","0.021","2600","1","PXD014277"
"792","0.022","2610","1","PXD014277"
"793","0.023","2615","1","PXD014277"
"794","0.024","2616","1","PXD014277"
"795","0.025","2623","1","PXD014277"
"796","0.026","2639","1","PXD014277"
"797","0.027","2646","1","PXD014277"
"798","0.028","2655","1","PXD014277"
"799","0.029","2657","1","PXD014277"
"800","0.03","2673","1","PXD014277"
"801","0.031","2681","1","PXD014277"
"802","0.032","2697","1","PXD014277"
"803","0.033","2703","1","PXD014277"
"804","0.034","2710","1","PXD014277"
"805","0.035","2710","1","PXD014277"
"806","0.036","2715","1","PXD014277"
"807","0.037","2724","1","PXD014277"
"808","0.038","2724","1","PXD014277"
"809","0.039","2726","1","PXD014277"
"810","0.04","2732","1","PXD014277"
"811","0.041","2738","1","PXD014277"
"812","0.042","2746","1","PXD014277"
"813","0.043","2748","1","PXD014277"
"814","0.044","2750","1","PXD014277"
"815","0.045","2751","1","PXD014277"
"816","0.046","2752","1","PXD014277"
"817","0.047","2757","1","PXD014277"
"818","0.048","2761","1","PXD014277"
"819","0.049","2767","1","PXD014277"
"820","0.05","2774","1","PXD014277"
"821","0.01","7678","0","PXD016724"
"822","0.011","7701","0","PXD016724"
"823","0.012","7730","0","PXD016724"
"824","0.013","7786","0","PXD016724"
"825","0.014","7821","0","PXD016724"
"826","0.015","7851","0","PXD016724"
"827","0.016","7888","0","PXD016724"
"828","0.017","7916","0","PXD016724"
"829","0.018","7965","0","PXD016724"
"830","0.019","7987","0","PXD016724"
"831","0.02","8016","0","PXD016724"
"832","0.021","8050","0","PXD016724"
"833","0.022","8068","0","PXD016724"
"834","0.023","8078","0","PXD016724"
"835","0.024","8086","0","PXD016724"
"836","0.025","8095","0","PXD016724"
"837","0.026","8121","0","PXD016724"
"838","0.027","8133","0","PXD016724"
"839","0.028","8152","0","PXD016724"
"840","0.029","8181","0","PXD016724"
"841","0.03","8193","0","PXD016724"
"842","0.031","8209","0","PXD016724"
"843","0.032","8230","0","PXD016724"
"844","0.033","8236","0","PXD016724"
"845","0.034","8265","0","PXD016724"
"846","0.035","8277","0","PXD016724"
"847","0.036","8294","0","PXD016724"
"848","0.037","8317","0","PXD016724"
"849","0.038","8327","0","PXD016724"
"850","0.039","8331","0","PXD016724"
"851","0.04","8351","0","PXD016724"
"852","0.041","8363","0","PXD016724"
"853","0.042","8384","0","PXD016724"
"854","0.043","8413","0","PXD016724"
"855","0.044","8418","0","PXD016724"
"856","0.045","8433","0","PXD016724"
"857","0.046","8456","0","PXD016724"
"858","0.047","8461","0","PXD016724"
"859","0.048","8473","0","PXD016724"
"860","0.049","8484","0","PXD016724"
"861","0.05","8511","0","PXD016724"
"862","0.01","7723","1","PXD016724"
"863","0.011","7764","1","PXD016724"
"864","0.012","7810","1","PXD016724"
"865","0.013","7870","1","PXD016724"
"866","0.014","7911","1","PXD016724"
"867","0.015","7954","1","PXD016724"
"868","0.016","7969","1","PXD016724"
"869","0.017","8004","1","PXD016724"
"870","0.018","8038","1","PXD016724"
"871","0.019","8064","1","PXD016724"
"872","0.02","8092","1","PXD016724"
"873","0.021","8116","1","PXD016724"
"874","0.022","8119","1","PXD016724"
"875","0.023","8138","1","PXD016724"
"876","0.024","8149","1","PXD016724"
"877","0.025","8189","1","PXD016724"
"878","0.026","8219","1","PXD016724"
"879","0.027","8237","1","PXD016724"
"880","0.028","8265","1","PXD016724"
"881","0.029","8291","1","PXD016724"
"882","0.03","8306","1","PXD016724"
"883","0.031","8316","1","PXD016724"
"884","0.032","8327","1","PXD016724"
"885","0.033","8344","1","PXD016724"
"886","0.034","8385","1","PXD016724"
"887","0.035","8389","1","PXD016724"
"888","0.036","8403","1","PXD016724"
"889","0.037","8429","1","PXD016724"
"890","0.038","8449","1","PXD016724"
"891","0.039","8460","1","PXD016724"
"892","0.04","8476","1","PXD016724"
"893","0.041","8500","1","PXD016724"
"894","0.042","8514","1","PXD016724"
"895","0.043","8525","1","PXD016724"
"896","0.044","8542","1","PXD016724"
"897","0.045","8548","1","PXD016724"
"898","0.046","8563","1","PXD016724"
"899","0.047","8571","1","PXD016724"
"900","0.048","8584","1","PXD016724"
"901","0.049","8599","1","PXD016724"
"902","0.05","8610","1","PXD016724"
"903","0.01","3160","0","PXD019186"
"904","0.011","3188","0","PXD019186"
"905","0.012","3246","0","PXD019186"
"906","0.013","3270","0","PXD019186"
"907","0.014","3276","0","PXD019186"
"908","0.015","3288","0","PXD019186"
"909","0.016","3294","0","PXD019186"
"910","0.017","3310","0","PXD019186"
"911","0.018","3331","0","PXD019186"
"912","0.019","3336","0","PXD019186"
"913","0.02","3350","0","PXD019186"
"914","0.021","3357","0","PXD019186"
"915","0.022","3367","0","PXD019186"
"916","0.023","3380","0","PXD019186"
"917","0.024","3403","0","PXD019186"
"918","0.025","3424","0","PXD019186"
"919","0.026","3429","0","PXD019186"
"920","0.027","3450","0","PXD019186"
"921","0.028","3454","0","PXD019186"
"922","0.029","3462","0","PXD019186"
"923","0.03","3482","0","PXD019186"
"924","0.031","3493","0","PXD019186"
"925","0.032","3501","0","PXD019186"
"926","0.033","3505","0","PXD019186"
"927","0.034","3506","0","PXD019186"
"928","0.035","3509","0","PXD019186"
"929","0.036","3520","0","PXD019186"
"930","0.037","3531","0","PXD019186"
"931","0.038","3555","0","PXD019186"
"932","0.039","3563","0","PXD019186"
"933","0.04","3578","0","PXD019186"
"934","0.041","3584","0","PXD019186"
"935","0.042","3603","0","PXD019186"
"936","0.043","3616","0","PXD019186"
"937","0.044","3620","0","PXD019186"
"938","0.045","3629","0","PXD019186"
"939","0.046","3631","0","PXD019186"
"940","0.047","3631","0","PXD019186"
"941","0.048","3637","0","PXD019186"
"942","0.049","3643","0","PXD019186"
"943","0.05","3652","0","PXD019186"
"944","0.01","3162","1","PXD019186"
"945","0.011","3182","1","PXD019186"
"946","0.012","3207","1","PXD019186"
"947","0.013","3258","1","PXD019186"
"948","0.014","3302","1","PXD019186"
"949","0.015","3310","1","PXD019186"
"950","0.016","3324","1","PXD019186"
"951","0.017","3329","1","PXD019186"
"952","0.018","3347","1","PXD019186"
"953","0.019","3360","1","PXD019186"
"954","0.02","3370","1","PXD019186"
"955","0.021","3394","1","PXD019186"
"956","0.022","3411","1","PXD019186"
"957","0.023","3428","1","PXD019186"
"958","0.024","3442","1","PXD019186"
"959","0.025","3459","1","PXD019186"
"960","0.026","3477","1","PXD019186"
"961","0.027","3486","1","PXD019186"
"962","0.028","3489","1","PXD019186"
"963","0.029","3496","1","PXD019186"
"964","0.03","3499","1","PXD019186"
"965","0.031","3513","1","PXD019186"
"966","0.032","3516","1","PXD019186"
"967","0.033","3529","1","PXD019186"
"968","0.034","3546","1","PXD019186"
"969","0.035","3548","1","PXD019186"
"970","0.036","3562","1","PXD019186"
"971","0.037","3565","1","PXD019186"
"972","0.038","3569","1","PXD019186"
"973","0.039","3574","1","PXD019186"
"974","0.04","3581","1","PXD019186"
"975","0.041","3584","1","PXD019186"
"976","0.042","3596","1","PXD019186"
"977","0.043","3610","1","PXD019186"
"978","0.044","3617","1","PXD019186"
"979","0.045","3629","1","PXD019186"
"980","0.046","3639","1","PXD019186"
"981","0.047","3646","1","PXD019186"
"982","0.048","3657","1","PXD019186"
"983","0.049","3662","1","PXD019186"
"984","0.05","3676","1","PXD019186"
"985","0.01","10229","0","PXD019354"
"986","0.011","10359","0","PXD019354"
"987","0.012","10424","0","PXD019354"
"988","0.013","10512","0","PXD019354"
"989","0.014","10618","0","PXD019354"
"990","0.015","10667","0","PXD019354"
"991","0.016","10719","0","PXD019354"
"992","0.017","10776","0","PXD019354"
"993","0.018","10828","0","PXD019354"
"994","0.019","10881","0","PXD019354"
"995","0.02","11002","0","PXD019354"
"996","0.021","11049","0","PXD019354"
"997","0.022","11080","0","PXD019354"
"998","0.023","11136","0","PXD019354"
"999","0.024","11182","0","PXD019354"
"1000","0.025","11205","0","PXD019354"
"1001","0.026","11240","0","PXD019354"
"1002","0.027","11262","0","PXD019354"
"1003","0.028","11291","0","PXD019354"
"1004","0.029","11311","0","PXD019354"
"1005","0.03","11370","0","PXD019354"
"1006","0.031","11408","0","PXD019354"
"1007","0.032","11468","0","PXD019354"
"1008","0.033","11500","0","PXD019354"
"1009","0.034","11541","0","PXD019354"
"1010","0.035","11561","0","PXD019354"
"1011","0.036","11611","0","PXD019354"
"1012","0.037","11663","0","PXD019354"
"1013","0.038","11723","0","PXD019354"
"1014","0.039","11753","0","PXD019354"
"1015","0.04","11776","0","PXD019354"
"1016","0.041","11804","0","PXD019354"
"1017","0.042","11842","0","PXD019354"
"1018","0.043","11867","0","PXD019354"
"1019","0.044","11887","0","PXD019354"
"1020","0.045","11908","0","PXD019354"
"1021","0.046","11920","0","PXD019354"
"1022","0.047","11931","0","PXD019354"
"1023","0.048","11951","0","PXD019354"
"1024","0.049","12000","0","PXD019354"
"1025","0.05","12022","0","PXD019354"
"1026","0.01","10191","1","PXD019354"
"1027","0.011","10292","1","PXD019354"
"1028","0.012","10430","1","PXD019354"
"1029","0.013","10522","1","PXD019354"
"1030","0.014","10586","1","PXD019354"
"1031","0.015","10630","1","PXD019354"
"1032","0.016","10690","1","PXD019354"
"1033","0.017","10754","1","PXD019354"
"1034","0.018","10798","1","PXD019354"
"1035","0.019","10847","1","PXD019354"
"1036","0.02","10902","1","PXD019354"
"1037","0.021","10936","1","PXD019354"
"1038","0.022","11024","1","PXD019354"
"1039","0.023","11110","1","PXD019354"
"1040","0.024","11135","1","PXD019354"
"1041","0.025","11169","1","PXD019354"
"1042","0.026","11184","1","PXD019354"
"1043","0.027","11245","1","PXD019354"
"1044","0.028","11299","1","PXD019354"
"1045","0.029","11345","1","PXD019354"
"1046","0.03","11387","1","PXD019354"
"1047","0.031","11404","1","PXD019354"
"1048","0.032","11470","1","PXD019354"
"1049","0.033","11518","1","PXD019354"
"1050","0.034","11575","1","PXD019354"
"1051","0.035","11612","1","PXD019354"
"1052","0.036","11618","1","PXD019354"
"1053","0.037","11657","1","PXD019354"
"1054","0.038","11679","1","PXD019354"
"1055","0.039","11724","1","PXD019354"
"1056","0.04","11742","1","PXD019354"
"1057","0.041","11769","1","PXD019354"
"1058","0.042","11791","1","PXD019354"
"1059","0.043","11806","1","PXD019354"
"1060","0.044","11839","1","PXD019354"
"1061","0.045","11874","1","PXD019354"
"1062","0.046","11889","1","PXD019354"
"1063","0.047","11924","1","PXD019354"
"1064","0.048","11950","1","PXD019354"
"1065","0.049","11967","1","PXD019354"
"1066","0.05","11989","1","PXD019354"
"1067","0.01","3542","0","PXD022257"
"1068","0.011","3552","0","PXD022257"
"1069","0.012","3573","0","PXD022257"
"1070","0.013","3593","0","PXD022257"
"1071","0.014","3602","0","PXD022257"
"1072","0.015","3622","0","PXD022257"
"1073","0.016","3628","0","PXD022257"
"1074","0.017","3650","0","PXD022257"
"1075","0.018","3669","0","PXD022257"
"1076","0.019","3688","0","PXD022257"
"1077","0.02","3735","0","PXD022257"
"1078","0.021","3751","0","PXD022257"
"1079","0.022","3755","0","PXD022257"
"1080","0.023","3757","0","PXD022257"
"1081","0.024","3772","0","PXD022257"
"1082","0.025","3777","0","PXD022257"
"1083","0.026","3783","0","PXD022257"
"1084","0.027","3792","0","PXD022257"
"1085","0.028","3798","0","PXD022257"
"1086","0.029","3806","0","PXD022257"
"1087","0.03","3812","0","PXD022257"
"1088","0.031","3821","0","PXD022257"
"1089","0.032","3830","0","PXD022257"
"1090","0.033","3839","0","PXD022257"
"1091","0.034","3847","0","PXD022257"
"1092","0.035","3886","0","PXD022257"
"1093","0.036","3889","0","PXD022257"
"1094","0.037","3893","0","PXD022257"
"1095","0.038","3898","0","PXD022257"
"1096","0.039","3904","0","PXD022257"
"1097","0.04","3915","0","PXD022257"
"1098","0.041","3928","0","PXD022257"
"1099","0.042","3934","0","PXD022257"
"1100","0.043","3947","0","PXD022257"
"1101","0.044","3962","0","PXD022257"
"1102","0.045","3966","0","PXD022257"
"1103","0.046","3975","0","PXD022257"
"1104","0.047","3989","0","PXD022257"
"1105","0.048","3995","0","PXD022257"
"1106","0.049","4006","0","PXD022257"
"1107","0.05","4021","0","PXD022257"
"1108","0.01","3478","1","PXD022257"
"1109","0.011","3554","1","PXD022257"
"1110","0.012","3585","1","PXD022257"
"1111","0.013","3622","1","PXD022257"
"1112","0.014","3643","1","PXD022257"
"1113","0.015","3660","1","PXD022257"
"1114","0.016","3667","1","PXD022257"
"1115","0.017","3689","1","PXD022257"
"1116","0.018","3703","1","PXD022257"
"1117","0.019","3713","1","PXD022257"
"1118","0.02","3739","1","PXD022257"
"1119","0.021","3742","1","PXD022257"
"1120","0.022","3754","1","PXD022257"
"1121","0.023","3766","1","PXD022257"
"1122","0.024","3771","1","PXD022257"
"1123","0.025","3775","1","PXD022257"
"1124","0.026","3781","1","PXD022257"
"1125","0.027","3789","1","PXD022257"
"1126","0.028","3803","1","PXD022257"
"1127","0.029","3813","1","PXD022257"
"1128","0.03","3836","1","PXD022257"
"1129","0.031","3840","1","PXD022257"
"1130","0.032","3850","1","PXD022257"
"1131","0.033","3868","1","PXD022257"
"1132","0.034","3884","1","PXD022257"
"1133","0.035","3894","1","PXD022257"
"1134","0.036","3899","1","PXD022257"
"1135","0.037","3903","1","PXD022257"
"1136","0.038","3909","1","PXD022257"
"1137","0.039","3920","1","PXD022257"
"1138","0.04","3926","1","PXD022257"
"1139","0.041","3939","1","PXD022257"
"1140","0.042","3945","1","PXD022257"
"1141","0.043","3959","1","PXD022257"
"1142","0.044","3962","1","PXD022257"
"1143","0.045","3968","1","PXD022257"
"1144","0.046","3983","1","PXD022257"
"1145","0.047","4009","1","PXD022257"
"1146","0.048","4016","1","PXD022257"
"1147","0.049","4027","1","PXD022257"
"1148","0.05","4030","1","PXD022257"
"1149","0.01","1652","0","PXD023571"
"1150","0.011","1686","0","PXD023571"
"1151","0.012","1694","0","PXD023571"
"1152","0.013","1698","0","PXD023571"
"1153","0.014","1700","0","PXD023571"
"1154","0.015","1704","0","PXD023571"
"1155","0.016","1716","0","PXD023571"
"1156","0.017","1720","0","PXD023571"
"1157","0.018","1750","0","PXD023571"
"1158","0.019","1781","0","PXD023571"
"1159","0.02","1802","0","PXD023571"
"1160","0.021","1817","0","PXD023571"
"1161","0.022","1837","0","PXD023571"
"1162","0.023","1842","0","PXD023571"
"1163","0.024","1855","0","PXD023571"
"1164","0.025","1868","0","PXD023571"
"1165","0.026","1875","0","PXD023571"
"1166","0.027","1883","0","PXD023571"
"1167","0.028","1886","0","PXD023571"
"1168","0.029","1892","0","PXD023571"
"1169","0.03","1901","0","PXD023571"
"1170","0.031","1909","0","PXD023571"
"1171","0.032","1921","0","PXD023571"
"1172","0.033","1923","0","PXD023571"
"1173","0.034","1925","0","PXD023571"
"1174","0.035","1929","0","PXD023571"
"1175","0.036","1941","0","PXD023571"
"1176","0.037","1941","0","PXD023571"
"1177","0.038","1969","0","PXD023571"
"1178","0.039","1978","0","PXD023571"
"1179","0.04","1978","0","PXD023571"
"1180","0.041","1980","0","PXD023571"
"1181","0.042","1988","0","PXD023571"
"1182","0.043","1989","0","PXD023571"
"1183","0.044","2003","0","PXD023571"
"1184","0.045","2004","0","PXD023571"
"1185","0.046","2012","0","PXD023571"
"1186","0.047","2019","0","PXD023571"
"1187","0.048","2021","0","PXD023571"
"1188","0.049","2025","0","PXD023571"
"1189","0.05","2028","0","PXD023571"
"1190","0.01","1545","1","PXD023571"
"1191","0.011","1613","1","PXD023571"
"1192","0.012","1629","1","PXD023571"
"1193","0.013","1649","1","PXD023571"
"1194","0.014","1658","1","PXD023571"
"1195","0.015","1659","1","PXD023571"
"1196","0.016","1661","1","PXD023571"
"1197","0.017","1663","1","PXD023571"
"1198","0.018","1703","1","PXD023571"
"1199","0.019","1714","1","PXD023571"
"1200","0.02","1731","1","PXD023571"
"1201","0.021","1749","1","PXD023571"
"1202","0.022","1752","1","PXD023571"
"1203","0.023","1752","1","PXD023571"
"1204","0.024","1766","1","PXD023571"
"1205","0.025","1784","1","PXD023571"
"1206","0.026","1798","1","PXD023571"
"1207","0.027","1809","1","PXD023571"
"1208","0.028","1811","1","PXD023571"
"1209","0.029","1817","1","PXD023571"
"1210","0.03","1836","1","PXD023571"
"1211","0.031","1840","1","PXD023571"
"1212","0.032","1859","1","PXD023571"
"1213","0.033","1864","1","PXD023571"
"1214","0.034","1868","1","PXD023571"
"1215","0.035","1871","1","PXD023571"
"1216","0.036","1879","1","PXD023571"
"1217","0.037","1892","1","PXD023571"
"1218","0.038","1897","1","PXD023571"
"1219","0.039","1900","1","PXD023571"
"1220","0.04","1908","1","PXD023571"
"1221","0.041","1913","1","PXD023571"
"1222","0.042","1929","1","PXD023571"
"1223","0.043","1931","1","PXD023571"
"1224","0.044","1933","1","PXD023571"
"1225","0.045","1938","1","PXD023571"
"1226","0.046","1943","1","PXD023571"
"1227","0.047","1945","1","PXD023571"
"1228","0.048","1946","1","PXD023571"
"1229","0.049","1954","1","PXD023571"
"1230","0.05","1961","1","PXD023571"
"1231","0.01","1593","0","PXD024284_2"
"1232","0.011","1610","0","PXD024284_2"
"1233","0.012","1690","0","PXD024284_2"
"1234","0.013","1703","0","PXD024284_2"
"1235","0.014","1735","0","PXD024284_2"
"1236","0.015","1749","0","PXD024284_2"
"1237","0.016","1764","0","PXD024284_2"
"1238","0.017","1774","0","PXD024284_2"
"1239","0.018","1774","0","PXD024284_2"
"1240","0.019","1787","0","PXD024284_2"
"1241","0.02","1793","0","PXD024284_2"
"1242","0.021","1794","0","PXD024284_2"
"1243","0.022","1801","0","PXD024284_2"
"1244","0.023","1811","0","PXD024284_2"
"1245","0.024","1823","0","PXD024284_2"
"1246","0.025","1828","0","PXD024284_2"
"1247","0.026","1833","0","PXD024284_2"
"1248","0.027","1840","0","PXD024284_2"
"1249","0.028","1843","0","PXD024284_2"
"1250","0.029","1845","0","PXD024284_2"
"1251","0.03","1845","0","PXD024284_2"
"1252","0.031","1846","0","PXD024284_2"
"1253","0.032","1858","0","PXD024284_2"
"1254","0.033","1865","0","PXD024284_2"
"1255","0.034","1868","0","PXD024284_2"
"1256","0.035","1874","0","PXD024284_2"
"1257","0.036","1883","0","PXD024284_2"
"1258","0.037","1893","0","PXD024284_2"
"1259","0.038","1898","0","PXD024284_2"
"1260","0.039","1906","0","PXD024284_2"
"1261","0.04","1909","0","PXD024284_2"
"1262","0.041","1910","0","PXD024284_2"
"1263","0.042","1912","0","PXD024284_2"
"1264","0.043","1915","0","PXD024284_2"
"1265","0.044","1928","0","PXD024284_2"
"1266","0.045","1929","0","PXD024284_2"
"1267","0.046","1931","0","PXD024284_2"
"1268","0.047","1934","0","PXD024284_2"
"1269","0.048","1939","0","PXD024284_2"
"1270","0.049","1942","0","PXD024284_2"
"1271","0.05","1949","0","PXD024284_2"
"1272","0.01","1624","1","PXD024284_2"
"1273","0.011","1625","1","PXD024284_2"
"1274","0.012","1642","1","PXD024284_2"
"1275","0.013","1671","1","PXD024284_2"
"1276","0.014","1681","1","PXD024284_2"
"1277","0.015","1705","1","PXD024284_2"
"1278","0.016","1750","1","PXD024284_2"
"1279","0.017","1757","1","PXD024284_2"
"1280","0.018","1793","1","PXD024284_2"
"1281","0.019","1801","1","PXD024284_2"
"1282","0.02","1804","1","PXD024284_2"
"1283","0.021","1812","1","PXD024284_2"
"1284","0.022","1816","1","PXD024284_2"
"1285","0.023","1827","1","PXD024284_2"
"1286","0.024","1845","1","PXD024284_2"
"1287","0.025","1854","1","PXD024284_2"
"1288","0.026","1861","1","PXD024284_2"
"1289","0.027","1861","1","PXD024284_2"
"1290","0.028","1861","1","PXD024284_2"
"1291","0.029","1866","1","PXD024284_2"
"1292","0.03","1867","1","PXD024284_2"
"1293","0.031","1873","1","PXD024284_2"
"1294","0.032","1876","1","PXD024284_2"
"1295","0.033","1885","1","PXD024284_2"
"1296","0.034","1894","1","PXD024284_2"
"1297","0.035","1903","1","PXD024284_2"
"1298","0.036","1907","1","PXD024284_2"
"1299","0.037","1912","1","PXD024284_2"
"1300","0.038","1914","1","PXD024284_2"
"1301","0.039","1917","1","PXD024284_2"
"1302","0.04","1937","1","PXD024284_2"
"1303","0.041","1939","1","PXD024284_2"
"1304","0.042","1946","1","PXD024284_2"
"1305","0.043","1947","1","PXD024284_2"
"1306","0.044","1951","1","PXD024284_2"
"1307","0.045","1957","1","PXD024284_2"
"1308","0.046","1967","1","PXD024284_2"
"1309","0.047","1982","1","PXD024284_2"
"1310","0.048","1982","1","PXD024284_2"
"1311","0.049","1986","1","PXD024284_2"
"1312","0.05","1994","1","PXD024284_2"
"1313","0.01","7523","0","PXD025130"
"1314","0.011","7563","0","PXD025130"
"1315","0.012","7615","0","PXD025130"
"1316","0.013","7673","0","PXD025130"
"1317","0.014","7685","0","PXD025130"
"1318","0.015","7725","0","PXD025130"
"1319","0.016","7782","0","PXD025130"
"1320","0.017","7815","0","PXD025130"
"1321","0.018","7856","0","PXD025130"
"1322","0.019","7888","0","PXD025130"
"1323","0.02","7915","0","PXD025130"
"1324","0.021","7927","0","PXD025130"
"1325","0.022","7951","0","PXD025130"
"1326","0.023","7966","0","PXD025130"
"1327","0.024","7998","0","PXD025130"
"1328","0.025","8023","0","PXD025130"
"1329","0.026","8044","0","PXD025130"
"1330","0.027","8063","0","PXD025130"
"1331","0.028","8076","0","PXD025130"
"1332","0.029","8090","0","PXD025130"
"1333","0.03","8130","0","PXD025130"
"1334","0.031","8166","0","PXD025130"
"1335","0.032","8173","0","PXD025130"
"1336","0.033","8203","0","PXD025130"
"1337","0.034","8208","0","PXD025130"
"1338","0.035","8239","0","PXD025130"
"1339","0.036","8269","0","PXD025130"
"1340","0.037","8282","0","PXD025130"
"1341","0.038","8306","0","PXD025130"
"1342","0.039","8328","0","PXD025130"
"1343","0.04","8340","0","PXD025130"
"1344","0.041","8369","0","PXD025130"
"1345","0.042","8391","0","PXD025130"
"1346","0.043","8410","0","PXD025130"
"1347","0.044","8427","0","PXD025130"
"1348","0.045","8437","0","PXD025130"
"1349","0.046","8454","0","PXD025130"
"1350","0.047","8464","0","PXD025130"
"1351","0.048","8483","0","PXD025130"
"1352","0.049","8496","0","PXD025130"
"1353","0.05","8511","0","PXD025130"
"1354","0.01","7484","1","PXD025130"
"1355","0.011","7549","1","PXD025130"
"1356","0.012","7598","1","PXD025130"
"1357","0.013","7640","1","PXD025130"
"1358","0.014","7670","1","PXD025130"
"1359","0.015","7684","1","PXD025130"
"1360","0.016","7728","1","PXD025130"
"1361","0.017","7778","1","PXD025130"
"1362","0.018","7808","1","PXD025130"
"1363","0.019","7828","1","PXD025130"
"1364","0.02","7853","1","PXD025130"
"1365","0.021","7871","1","PXD025130"
"1366","0.022","7885","1","PXD025130"
"1367","0.023","7922","1","PXD025130"
"1368","0.024","7952","1","PXD025130"
"1369","0.025","8001","1","PXD025130"
"1370","0.026","8007","1","PXD025130"
"1371","0.027","8035","1","PXD025130"
"1372","0.028","8044","1","PXD025130"
"1373","0.029","8070","1","PXD025130"
"1374","0.03","8093","1","PXD025130"
"1375","0.031","8112","1","PXD025130"
"1376","0.032","8122","1","PXD025130"
"1377","0.033","8143","1","PXD025130"
"1378","0.034","8162","1","PXD025130"
"1379","0.035","8185","1","PXD025130"
"1380","0.036","8197","1","PXD025130"
"1381","0.037","8206","1","PXD025130"
"1382","0.038","8228","1","PXD025130"
"1383","0.039","8247","1","PXD025130"
"1384","0.04","8266","1","PXD025130"
"1385","0.041","8289","1","PXD025130"
"1386","0.042","8311","1","PXD025130"
"1387","0.043","8329","1","PXD025130"
"1388","0.044","8353","1","PXD025130"
"1389","0.045","8372","1","PXD025130"
"1390","0.046","8379","1","PXD025130"
"1391","0.047","8388","1","PXD025130"
"1392","0.048","8400","1","PXD025130"
"1393","0.049","8419","1","PXD025130"
"1394","0.05","8448","1","PXD025130"
"1395","0.01","5226","0","PXD026895"
"1396","0.011","5264","0","PXD026895"
"1397","0.012","5298","0","PXD026895"
"1398","0.013","5313","0","PXD026895"
"1399","0.014","5318","0","PXD026895"
"1400","0.015","5322","0","PXD026895"
"1401","0.016","5328","0","PXD026895"
"1402","0.017","5341","0","PXD026895"
"1403","0.018","5357","0","PXD026895"
"1404","0.019","5369","0","PXD026895"
"1405","0.02","5390","0","PXD026895"
"1406","0.021","5397","0","PXD026895"
"1407","0.022","5419","0","PXD026895"
"1408","0.023","5425","0","PXD026895"
"1409","0.024","5436","0","PXD026895"
"1410","0.025","5438","0","PXD026895"
"1411","0.026","5446","0","PXD026895"
"1412","0.027","5466","0","PXD026895"
"1413","0.028","5492","0","PXD026895"
"1414","0.029","5494","0","PXD026895"
"1415","0.03","5503","0","PXD026895"
"1416","0.031","5507","0","PXD026895"
"1417","0.032","5515","0","PXD026895"
"1418","0.033","5525","0","PXD026895"
"1419","0.034","5542","0","PXD026895"
"1420","0.035","5547","0","PXD026895"
"1421","0.036","5552","0","PXD026895"
"1422","0.037","5561","0","PXD026895"
"1423","0.038","5572","0","PXD026895"
"1424","0.039","5581","0","PXD026895"
"1425","0.04","5585","0","PXD026895"
"1426","0.041","5593","0","PXD026895"
"1427","0.042","5602","0","PXD026895"
"1428","0.043","5615","0","PXD026895"
"1429","0.044","5628","0","PXD026895"
"1430","0.045","5636","0","PXD026895"
"1431","0.046","5644","0","PXD026895"
"1432","0.047","5659","0","PXD026895"
"1433","0.048","5661","0","PXD026895"
"1434","0.049","5668","0","PXD026895"
"1435","0.05","5685","0","PXD026895"
"1436","0.01","5332","1","PXD026895"
"1437","0.011","5342","1","PXD026895"
"1438","0.012","5354","1","PXD026895"
"1439","0.013","5370","1","PXD026895"
"1440","0.014","5401","1","PXD026895"
"1441","0.015","5422","1","PXD026895"
"1442","0.016","5452","1","PXD026895"
"1443","0.017","5473","1","PXD026895"
"1444","0.018","5481","1","PXD026895"
"1445","0.019","5489","1","PXD026895"
"1446","0.02","5495","1","PXD026895"
"1447","0.021","5505","1","PXD026895"
"1448","0.022","5507","1","PXD026895"
"1449","0.023","5513","1","PXD026895"
"1450","0.024","5539","1","PXD026895"
"1451","0.025","5552","1","PXD026895"
"1452","0.026","5555","1","PXD026895"
"1453","0.027","5556","1","PXD026895"
"1454","0.028","5559","1","PXD026895"
"1455","0.029","5570","1","PXD026895"
"1456","0.03","5577","1","PXD026895"
"1457","0.031","5583","1","PXD026895"
"1458","0.032","5597","1","PXD026895"
"1459","0.033","5598","1","PXD026895"
"1460","0.034","5604","1","PXD026895"
"1461","0.035","5620","1","PXD026895"
"1462","0.036","5624","1","PXD026895"
"1463","0.037","5641","1","PXD026895"
"1464","0.038","5652","1","PXD026895"
"1465","0.039","5657","1","PXD026895"
"1466","0.04","5668","1","PXD026895"
"1467","0.041","5677","1","PXD026895"
"1468","0.042","5688","1","PXD026895"
"1469","0.043","5703","1","PXD026895"
"1470","0.044","5719","1","PXD026895"
"1471","0.045","5737","1","PXD026895"
"1472","0.046","5737","1","PXD026895"
"1473","0.047","5750","1","PXD026895"
"1474","0.048","5765","1","PXD026895"
"1475","0.049","5767","1","PXD026895"
"1476","0.05","5775","1","PXD026895"
"1477","0.01","275","0","PXD029319"
"1478","0.011","286","0","PXD029319"
"1479","0.012","286","0","PXD029319"
"1480","0.013","286","0","PXD029319"
"1481","0.014","286","0","PXD029319"
"1482","0.015","286","0","PXD029319"
"1483","0.016","286","0","PXD029319"
"1484","0.017","286","0","PXD029319"
"1485","0.018","292","0","PXD029319"
"1486","0.019","292","0","PXD029319"
"1487","0.02","306","0","PXD029319"
"1488","0.021","306","0","PXD029319"
"1489","0.022","306","0","PXD029319"
"1490","0.023","318","0","PXD029319"
"1491","0.024","318","0","PXD029319"
"1492","0.025","320","0","PXD029319"
"1493","0.026","320","0","PXD029319"
"1494","0.027","320","0","PXD029319"
"1495","0.028","322","0","PXD029319"
"1496","0.029","322","0","PXD029319"
"1497","0.03","322","0","PXD029319"
"1498","0.031","324","0","PXD029319"
"1499","0.032","324","0","PXD029319"
"1500","0.033","324","0","PXD029319"
"1501","0.034","332","0","PXD029319"
"1502","0.035","332","0","PXD029319"
"1503","0.036","334","0","PXD029319"
"1504","0.037","334","0","PXD029319"
"1505","0.038","334","0","PXD029319"
"1506","0.039","338","0","PXD029319"
"1507","0.04","338","0","PXD029319"
"1508","0.041","345","0","PXD029319"
"1509","0.042","345","0","PXD029319"
"1510","0.043","349","0","PXD029319"
"1511","0.044","349","0","PXD029319"
"1512","0.045","349","0","PXD029319"
"1513","0.046","349","0","PXD029319"
"1514","0.047","349","0","PXD029319"
"1515","0.048","349","0","PXD029319"
"1516","0.049","350","0","PXD029319"
"1517","0.05","363","0","PXD029319"
"1518","0.01","141","1","PXD029319"
"1519","0.011","141","1","PXD029319"
"1520","0.012","268","1","PXD029319"
"1521","0.013","268","1","PXD029319"
"1522","0.014","268","1","PXD029319"
"1523","0.015","270","1","PXD029319"
"1524","0.016","270","1","PXD029319"
"1525","0.017","270","1","PXD029319"
"1526","0.018","288","1","PXD029319"
"1527","0.019","288","1","PXD029319"
"1528","0.02","288","1","PXD029319"
"1529","0.021","297","1","PXD029319"
"1530","0.022","297","1","PXD029319"
"1531","0.023","311","1","PXD029319"
"1532","0.024","311","1","PXD029319"
"1533","0.025","311","1","PXD029319"
"1534","0.026","312","1","PXD029319"
"1535","0.027","312","1","PXD029319"
"1536","0.028","312","1","PXD029319"
"1537","0.029","317","1","PXD029319"
"1538","0.03","317","1","PXD029319"
"1539","0.031","317","1","PXD029319"
"1540","0.032","320","1","PXD029319"
"1541","0.033","320","1","PXD029319"
"1542","0.034","320","1","PXD029319"
"1543","0.035","321","1","PXD029319"
"1544","0.036","321","1","PXD029319"
"1545","0.037","326","1","PXD029319"
"1546","0.038","326","1","PXD029319"
"1547","0.039","326","1","PXD029319"
"1548","0.04","326","1","PXD029319"
"1549","0.041","326","1","PXD029319"
"1550","0.042","326","1","PXD029319"
"1551","0.043","329","1","PXD029319"
"1552","0.044","329","1","PXD029319"
"1553","0.045","329","1","PXD029319"
"1554","0.046","332","1","PXD029319"
"1555","0.047","342","1","PXD029319"
"1556","0.048","342","1","PXD029319"
"1557","0.049","353","1","PXD029319"
"1558","0.05","353","1","PXD029319"
"1559","0.01","9168","0","PXD030118"
"1560","0.011","9196","0","PXD030118"
"1561","0.012","9227","0","PXD030118"
"1562","0.013","9248","0","PXD030118"
"1563","0.014","9288","0","PXD030118"
"1564","0.015","9306","0","PXD030118"
"1565","0.016","9325","0","PXD030118"
"1566","0.017","9345","0","PXD030118"
"1567","0.018","9372","0","PXD030118"
"1568","0.019","9411","0","PXD030118"
"1569","0.02","9428","0","PXD030118"
"1570","0.021","9449","0","PXD030118"
"1571","0.022","9473","0","PXD030118"
"1572","0.023","9489","0","PXD030118"
"1573","0.024","9508","0","PXD030118"
"1574","0.025","9525","0","PXD030118"
"1575","0.026","9536","0","PXD030118"
"1576","0.027","9546","0","PXD030118"
"1577","0.028","9575","0","PXD030118"
"1578","0.029","9593","0","PXD030118"
"1579","0.03","9604","0","PXD030118"
"1580","0.031","9622","0","PXD030118"
"1581","0.032","9630","0","PXD030118"
"1582","0.033","9638","0","PXD030118"
"1583","0.034","9644","0","PXD030118"
"1584","0.035","9661","0","PXD030118"
"1585","0.036","9682","0","PXD030118"
"1586","0.037","9693","0","PXD030118"
"1587","0.038","9706","0","PXD030118"
"1588","0.039","9717","0","PXD030118"
"1589","0.04","9742","0","PXD030118"
"1590","0.041","9749","0","PXD030118"
"1591","0.042","9766","0","PXD030118"
"1592","0.043","9796","0","PXD030118"
"1593","0.044","9808","0","PXD030118"
"1594","0.045","9820","0","PXD030118"
"1595","0.046","9836","0","PXD030118"
"1596","0.047","9852","0","PXD030118"
"1597","0.048","9861","0","PXD030118"
"1598","0.049","9866","0","PXD030118"
"1599","0.05","9882","0","PXD030118"
"1600","0.01","9235","1","PXD030118"
"1601","0.011","9259","1","PXD030118"
"1602","0.012","9282","1","PXD030118"
"1603","0.013","9309","1","PXD030118"
"1604","0.014","9335","1","PXD030118"
"1605","0.015","9352","1","PXD030118"
"1606","0.016","9371","1","PXD030118"
"1607","0.017","9402","1","PXD030118"
"1608","0.018","9416","1","PXD030118"
"1609","0.019","9438","1","PXD030118"
"1610","0.02","9454","1","PXD030118"
"1611","0.021","9478","1","PXD030118"
"1612","0.022","9484","1","PXD030118"
"1613","0.023","9502","1","PXD030118"
"1614","0.024","9527","1","PXD030118"
"1615","0.025","9537","1","PXD030118"
"1616","0.026","9556","1","PXD030118"
"1617","0.027","9584","1","PXD030118"
"1618","0.028","9602","1","PXD030118"
"1619","0.029","9613","1","PXD030118"
"1620","0.03","9628","1","PXD030118"
"1621","0.031","9634","1","PXD030118"
"1622","0.032","9669","1","PXD030118"
"1623","0.033","9690","1","PXD030118"
"1624","0.034","9708","1","PXD030118"
"1625","0.035","9737","1","PXD030118"
"1626","0.036","9754","1","PXD030118"
"1627","0.037","9767","1","PXD030118"
"1628","0.038","9781","1","PXD030118"
"1629","0.039","9795","1","PXD030118"
"1630","0.04","9818","1","PXD030118"
"1631","0.041","9845","1","PXD030118"
"1632","0.042","9861","1","PXD030118"
"1633","0.043","9875","1","PXD030118"
"1634","0.044","9895","1","PXD030118"
"1635","0.045","9900","1","PXD030118"
"1636","0.046","9910","1","PXD030118"
"1637","0.047","9926","1","PXD030118"
"1638","0.048","9943","1","PXD030118"
"1639","0.049","9949","1","PXD030118"
"1640","0.05","9955","1","PXD030118"
