"","Threshold","power_narrow","dcy_indx","PXID"
"1","0.01","443","0","PXD002470"
"2","0.011","443","0","PXD002470"
"3","0.012","447","0","PXD002470"
"4","0.013","447","0","PXD002470"
"5","0.014","447","0","PXD002470"
"6","0.015","447","0","PXD002470"
"7","0.016","447","0","PXD002470"
"8","0.017","447","0","PXD002470"
"9","0.018","457","0","PXD002470"
"10","0.019","457","0","PXD002470"
"11","0.02","457","0","PXD002470"
"12","0.021","457","0","PXD002470"
"13","0.022","463","0","PXD002470"
"14","0.023","463","0","PXD002470"
"15","0.024","465","0","PXD002470"
"16","0.025","465","0","PXD002470"
"17","0.026","465","0","PXD002470"
"18","0.027","465","0","PXD002470"
"19","0.028","466","0","PXD002470"
"20","0.029","466","0","PXD002470"
"21","0.03","471","0","PXD002470"
"22","0.031","471","0","PXD002470"
"23","0.032","471","0","PXD002470"
"24","0.033","471","0","PXD002470"
"25","0.034","472","0","PXD002470"
"26","0.035","472","0","PXD002470"
"27","0.036","474","0","PXD002470"
"28","0.037","474","0","PXD002470"
"29","0.038","475","0","PXD002470"
"30","0.039","475","0","PXD002470"
"31","0.04","475","0","PXD002470"
"32","0.041","475","0","PXD002470"
"33","0.042","477","0","PXD002470"
"34","0.043","477","0","PXD002470"
"35","0.044","477","0","PXD002470"
"36","0.045","477","0","PXD002470"
"37","0.046","477","0","PXD002470"
"38","0.047","477","0","PXD002470"
"39","0.048","477","0","PXD002470"
"40","0.049","479","0","PXD002470"
"41","0.05","479","0","PXD002470"
"42","0.01","442","1","PXD002470"
"43","0.011","442","1","PXD002470"
"44","0.012","448","1","PXD002470"
"45","0.013","448","1","PXD002470"
"46","0.014","452","1","PXD002470"
"47","0.015","452","1","PXD002470"
"48","0.016","458","1","PXD002470"
"49","0.017","458","1","PXD002470"
"50","0.018","459","1","PXD002470"
"51","0.019","459","1","PXD002470"
"52","0.02","459","1","PXD002470"
"53","0.021","459","1","PXD002470"
"54","0.022","459","1","PXD002470"
"55","0.023","459","1","PXD002470"
"56","0.024","459","1","PXD002470"
"57","0.025","459","1","PXD002470"
"58","0.026","459","1","PXD002470"
"59","0.027","460","1","PXD002470"
"60","0.028","460","1","PXD002470"
"61","0.029","462","1","PXD002470"
"62","0.03","462","1","PXD002470"
"63","0.031","463","1","PXD002470"
"64","0.032","463","1","PXD002470"
"65","0.033","464","1","PXD002470"
"66","0.034","464","1","PXD002470"
"67","0.035","467","1","PXD002470"
"68","0.036","467","1","PXD002470"
"69","0.037","467","1","PXD002470"
"70","0.038","467","1","PXD002470"
"71","0.039","467","1","PXD002470"
"72","0.04","467","1","PXD002470"
"73","0.041","467","1","PXD002470"
"74","0.042","467","1","PXD002470"
"75","0.043","470","1","PXD002470"
"76","0.044","470","1","PXD002470"
"77","0.045","471","1","PXD002470"
"78","0.046","471","1","PXD002470"
"79","0.047","473","1","PXD002470"
"80","0.048","473","1","PXD002470"
"81","0.049","473","1","PXD002470"
"82","0.05","473","1","PXD002470"
"83","0.01","649","0","PXD006856"
"84","0.011","649","0","PXD006856"
"85","0.012","649","0","PXD006856"
"86","0.013","650","0","PXD006856"
"87","0.014","658","0","PXD006856"
"88","0.015","658","0","PXD006856"
"89","0.016","662","0","PXD006856"
"90","0.017","662","0","PXD006856"
"91","0.018","662","0","PXD006856"
"92","0.019","663","0","PXD006856"
"93","0.02","663","0","PXD006856"
"94","0.021","663","0","PXD006856"
"95","0.022","663","0","PXD006856"
"96","0.023","666","0","PXD006856"
"97","0.024","668","0","PXD006856"
"98","0.025","668","0","PXD006856"
"99","0.026","668","0","PXD006856"
"100","0.027","671","0","PXD006856"
"101","0.028","671","0","PXD006856"
"102","0.029","671","0","PXD006856"
"103","0.03","673","0","PXD006856"
"104","0.031","681","0","PXD006856"
"105","0.032","681","0","PXD006856"
"106","0.033","683","0","PXD006856"
"107","0.034","684","0","PXD006856"
"108","0.035","684","0","PXD006856"
"109","0.036","684","0","PXD006856"
"110","0.037","685","0","PXD006856"
"111","0.038","685","0","PXD006856"
"112","0.039","685","0","PXD006856"
"113","0.04","685","0","PXD006856"
"114","0.041","687","0","PXD006856"
"115","0.042","687","0","PXD006856"
"116","0.043","689","0","PXD006856"
"117","0.044","690","0","PXD006856"
"118","0.045","690","0","PXD006856"
"119","0.046","690","0","PXD006856"
"120","0.047","692","0","PXD006856"
"121","0.048","692","0","PXD006856"
"122","0.049","692","0","PXD006856"
"123","0.05","693","0","PXD006856"
"124","0.01","644","1","PXD006856"
"125","0.011","652","1","PXD006856"
"126","0.012","652","1","PXD006856"
"127","0.013","659","1","PXD006856"
"128","0.014","662","1","PXD006856"
"129","0.015","662","1","PXD006856"
"130","0.016","665","1","PXD006856"
"131","0.017","670","1","PXD006856"
"132","0.018","673","1","PXD006856"
"133","0.019","685","1","PXD006856"
"134","0.02","685","1","PXD006856"
"135","0.021","685","1","PXD006856"
"136","0.022","689","1","PXD006856"
"137","0.023","689","1","PXD006856"
"138","0.024","693","1","PXD006856"
"139","0.025","697","1","PXD006856"
"140","0.026","698","1","PXD006856"
"141","0.027","698","1","PXD006856"
"142","0.028","698","1","PXD006856"
"143","0.029","698","1","PXD006856"
"144","0.03","700","1","PXD006856"
"145","0.031","700","1","PXD006856"
"146","0.032","705","1","PXD006856"
"147","0.033","705","1","PXD006856"
"148","0.034","705","1","PXD006856"
"149","0.035","705","1","PXD006856"
"150","0.036","705","1","PXD006856"
"151","0.037","706","1","PXD006856"
"152","0.038","706","1","PXD006856"
"153","0.039","707","1","PXD006856"
"154","0.04","708","1","PXD006856"
"155","0.041","709","1","PXD006856"
"156","0.042","709","1","PXD006856"
"157","0.043","711","1","PXD006856"
"158","0.044","711","1","PXD006856"
"159","0.045","711","1","PXD006856"
"160","0.046","711","1","PXD006856"
"161","0.047","712","1","PXD006856"
"162","0.048","712","1","PXD006856"
"163","0.049","712","1","PXD006856"
"164","0.05","712","1","PXD006856"
"165","0.01","8863","0","PXD008920"
"166","0.011","8880","0","PXD008920"
"167","0.012","8902","0","PXD008920"
"168","0.013","8908","0","PXD008920"
"169","0.014","8922","0","PXD008920"
"170","0.015","8949","0","PXD008920"
"171","0.016","8970","0","PXD008920"
"172","0.017","8990","0","PXD008920"
"173","0.018","9010","0","PXD008920"
"174","0.019","9031","0","PXD008920"
"175","0.02","9044","0","PXD008920"
"176","0.021","9071","0","PXD008920"
"177","0.022","9080","0","PXD008920"
"178","0.023","9100","0","PXD008920"
"179","0.024","9108","0","PXD008920"
"180","0.025","9116","0","PXD008920"
"181","0.026","9133","0","PXD008920"
"182","0.027","9144","0","PXD008920"
"183","0.028","9161","0","PXD008920"
"184","0.029","9175","0","PXD008920"
"185","0.03","9189","0","PXD008920"
"186","0.031","9197","0","PXD008920"
"187","0.032","9205","0","PXD008920"
"188","0.033","9215","0","PXD008920"
"189","0.034","9220","0","PXD008920"
"190","0.035","9237","0","PXD008920"
"191","0.036","9251","0","PXD008920"
"192","0.037","9260","0","PXD008920"
"193","0.038","9269","0","PXD008920"
"194","0.039","9275","0","PXD008920"
"195","0.04","9284","0","PXD008920"
"196","0.041","9297","0","PXD008920"
"197","0.042","9307","0","PXD008920"
"198","0.043","9317","0","PXD008920"
"199","0.044","9324","0","PXD008920"
"200","0.045","9330","0","PXD008920"
"201","0.046","9333","0","PXD008920"
"202","0.047","9350","0","PXD008920"
"203","0.048","9375","0","PXD008920"
"204","0.049","9388","0","PXD008920"
"205","0.05","9395","0","PXD008920"
"206","0.01","8856","1","PXD008920"
"207","0.011","8879","1","PXD008920"
"208","0.012","8894","1","PXD008920"
"209","0.013","8906","1","PXD008920"
"210","0.014","8916","1","PXD008920"
"211","0.015","8943","1","PXD008920"
"212","0.016","8953","1","PXD008920"
"213","0.017","8979","1","PXD008920"
"214","0.018","8990","1","PXD008920"
"215","0.019","9005","1","PXD008920"
"216","0.02","9011","1","PXD008920"
"217","0.021","9025","1","PXD008920"
"218","0.022","9059","1","PXD008920"
"219","0.023","9063","1","PXD008920"
"220","0.024","9075","1","PXD008920"
"221","0.025","9082","1","PXD008920"
"222","0.026","9087","1","PXD008920"
"223","0.027","9103","1","PXD008920"
"224","0.028","9126","1","PXD008920"
"225","0.029","9134","1","PXD008920"
"226","0.03","9147","1","PXD008920"
"227","0.031","9174","1","PXD008920"
"228","0.032","9177","1","PXD008920"
"229","0.033","9191","1","PXD008920"
"230","0.034","9194","1","PXD008920"
"231","0.035","9205","1","PXD008920"
"232","0.036","9215","1","PXD008920"
"233","0.037","9223","1","PXD008920"
"234","0.038","9239","1","PXD008920"
"235","0.039","9247","1","PXD008920"
"236","0.04","9255","1","PXD008920"
"237","0.041","9261","1","PXD008920"
"238","0.042","9269","1","PXD008920"
"239","0.043","9276","1","PXD008920"
"240","0.044","9285","1","PXD008920"
"241","0.045","9293","1","PXD008920"
"242","0.046","9300","1","PXD008920"
"243","0.047","9306","1","PXD008920"
"244","0.048","9326","1","PXD008920"
"245","0.049","9333","1","PXD008920"
"246","0.05","9346","1","PXD008920"
"247","0.01","8439","0","PXD008996"
"248","0.011","8456","0","PXD008996"
"249","0.012","8469","0","PXD008996"
"250","0.013","8506","0","PXD008996"
"251","0.014","8523","0","PXD008996"
"252","0.015","8545","0","PXD008996"
"253","0.016","8560","0","PXD008996"
"254","0.017","8591","0","PXD008996"
"255","0.018","8628","0","PXD008996"
"256","0.019","8633","0","PXD008996"
"257","0.02","8656","0","PXD008996"
"258","0.021","8662","0","PXD008996"
"259","0.022","8682","0","PXD008996"
"260","0.023","8691","0","PXD008996"
"261","0.024","8706","0","PXD008996"
"262","0.025","8721","0","PXD008996"
"263","0.026","8731","0","PXD008996"
"264","0.027","8742","0","PXD008996"
"265","0.028","8744","0","PXD008996"
"266","0.029","8747","0","PXD008996"
"267","0.03","8762","0","PXD008996"
"268","0.031","8790","0","PXD008996"
"269","0.032","8805","0","PXD008996"
"270","0.033","8834","0","PXD008996"
"271","0.034","8848","0","PXD008996"
"272","0.035","8863","0","PXD008996"
"273","0.036","8872","0","PXD008996"
"274","0.037","8887","0","PXD008996"
"275","0.038","8899","0","PXD008996"
"276","0.039","8912","0","PXD008996"
"277","0.04","8918","0","PXD008996"
"278","0.041","8930","0","PXD008996"
"279","0.042","8932","0","PXD008996"
"280","0.043","8937","0","PXD008996"
"281","0.044","8949","0","PXD008996"
"282","0.045","8959","0","PXD008996"
"283","0.046","8980","0","PXD008996"
"284","0.047","8987","0","PXD008996"
"285","0.048","8994","0","PXD008996"
"286","0.049","9011","0","PXD008996"
"287","0.05","9020","0","PXD008996"
"288","0.01","8422","1","PXD008996"
"289","0.011","8444","1","PXD008996"
"290","0.012","8477","1","PXD008996"
"291","0.013","8509","1","PXD008996"
"292","0.014","8537","1","PXD008996"
"293","0.015","8554","1","PXD008996"
"294","0.016","8562","1","PXD008996"
"295","0.017","8574","1","PXD008996"
"296","0.018","8588","1","PXD008996"
"297","0.019","8619","1","PXD008996"
"298","0.02","8633","1","PXD008996"
"299","0.021","8649","1","PXD008996"
"300","0.022","8673","1","PXD008996"
"301","0.023","8691","1","PXD008996"
"302","0.024","8706","1","PXD008996"
"303","0.025","8717","1","PXD008996"
"304","0.026","8738","1","PXD008996"
"305","0.027","8751","1","PXD008996"
"306","0.028","8766","1","PXD008996"
"307","0.029","8774","1","PXD008996"
"308","0.03","8795","1","PXD008996"
"309","0.031","8807","1","PXD008996"
"310","0.032","8817","1","PXD008996"
"311","0.033","8829","1","PXD008996"
"312","0.034","8841","1","PXD008996"
"313","0.035","8853","1","PXD008996"
"314","0.036","8883","1","PXD008996"
"315","0.037","8901","1","PXD008996"
"316","0.038","8925","1","PXD008996"
"317","0.039","8936","1","PXD008996"
"318","0.04","8948","1","PXD008996"
"319","0.041","8954","1","PXD008996"
"320","0.042","8962","1","PXD008996"
"321","0.043","8967","1","PXD008996"
"322","0.044","8978","1","PXD008996"
"323","0.045","8987","1","PXD008996"
"324","0.046","9003","1","PXD008996"
"325","0.047","9017","1","PXD008996"
"326","0.048","9029","1","PXD008996"
"327","0.049","9050","1","PXD008996"
"328","0.05","9061","1","PXD008996"
"329","0.01","1881","0","PXD010413"
"330","0.011","1886","0","PXD010413"
"331","0.012","1905","0","PXD010413"
"332","0.013","1907","0","PXD010413"
"333","0.014","1920","0","PXD010413"
"334","0.015","1923","0","PXD010413"
"335","0.016","1932","0","PXD010413"
"336","0.017","1935","0","PXD010413"
"337","0.018","1957","0","PXD010413"
"338","0.019","1968","0","PXD010413"
"339","0.02","1971","0","PXD010413"
"340","0.021","1976","0","PXD010413"
"341","0.022","1990","0","PXD010413"
"342","0.023","1990","0","PXD010413"
"343","0.024","1993","0","PXD010413"
"344","0.025","1995","0","PXD010413"
"345","0.026","1996","0","PXD010413"
"346","0.027","2002","0","PXD010413"
"347","0.028","2004","0","PXD010413"
"348","0.029","2004","0","PXD010413"
"349","0.03","2009","0","PXD010413"
"350","0.031","2010","0","PXD010413"
"351","0.032","2015","0","PXD010413"
"352","0.033","2017","0","PXD010413"
"353","0.034","2023","0","PXD010413"
"354","0.035","2024","0","PXD010413"
"355","0.036","2028","0","PXD010413"
"356","0.037","2034","0","PXD010413"
"357","0.038","2036","0","PXD010413"
"358","0.039","2042","0","PXD010413"
"359","0.04","2046","0","PXD010413"
"360","0.041","2053","0","PXD010413"
"361","0.042","2054","0","PXD010413"
"362","0.043","2058","0","PXD010413"
"363","0.044","2067","0","PXD010413"
"364","0.045","2069","0","PXD010413"
"365","0.046","2080","0","PXD010413"
"366","0.047","2083","0","PXD010413"
"367","0.048","2084","0","PXD010413"
"368","0.049","2084","0","PXD010413"
"369","0.05","2091","0","PXD010413"
"370","0.01","1882","1","PXD010413"
"371","0.011","1884","1","PXD010413"
"372","0.012","1889","1","PXD010413"
"373","0.013","1902","1","PXD010413"
"374","0.014","1909","1","PXD010413"
"375","0.015","1917","1","PXD010413"
"376","0.016","1924","1","PXD010413"
"377","0.017","1931","1","PXD010413"
"378","0.018","1934","1","PXD010413"
"379","0.019","1943","1","PXD010413"
"380","0.02","1947","1","PXD010413"
"381","0.021","1948","1","PXD010413"
"382","0.022","1956","1","PXD010413"
"383","0.023","1958","1","PXD010413"
"384","0.024","1959","1","PXD010413"
"385","0.025","1961","1","PXD010413"
"386","0.026","1963","1","PXD010413"
"387","0.027","1968","1","PXD010413"
"388","0.028","1971","1","PXD010413"
"389","0.029","1975","1","PXD010413"
"390","0.03","1976","1","PXD010413"
"391","0.031","1979","1","PXD010413"
"392","0.032","1986","1","PXD010413"
"393","0.033","1989","1","PXD010413"
"394","0.034","1992","1","PXD010413"
"395","0.035","2001","1","PXD010413"
"396","0.036","2005","1","PXD010413"
"397","0.037","2010","1","PXD010413"
"398","0.038","2011","1","PXD010413"
"399","0.039","2015","1","PXD010413"
"400","0.04","2017","1","PXD010413"
"401","0.041","2022","1","PXD010413"
"402","0.042","2028","1","PXD010413"
"403","0.043","2030","1","PXD010413"
"404","0.044","2031","1","PXD010413"
"405","0.045","2037","1","PXD010413"
"406","0.046","2048","1","PXD010413"
"407","0.047","2049","1","PXD010413"
"408","0.048","2055","1","PXD010413"
"409","0.049","2060","1","PXD010413"
"410","0.05","2060","1","PXD010413"
"411","0.01","1880","0","PXD010504"
"412","0.011","1896","0","PXD010504"
"413","0.012","1912","0","PXD010504"
"414","0.013","1913","0","PXD010504"
"415","0.014","1920","0","PXD010504"
"416","0.015","1929","0","PXD010504"
"417","0.016","1944","0","PXD010504"
"418","0.017","1946","0","PXD010504"
"419","0.018","1960","0","PXD010504"
"420","0.019","1960","0","PXD010504"
"421","0.02","1967","0","PXD010504"
"422","0.021","1974","0","PXD010504"
"423","0.022","1979","0","PXD010504"
"424","0.023","1986","0","PXD010504"
"425","0.024","1988","0","PXD010504"
"426","0.025","1995","0","PXD010504"
"427","0.026","2000","0","PXD010504"
"428","0.027","2004","0","PXD010504"
"429","0.028","2006","0","PXD010504"
"430","0.029","2009","0","PXD010504"
"431","0.03","2011","0","PXD010504"
"432","0.031","2024","0","PXD010504"
"433","0.032","2025","0","PXD010504"
"434","0.033","2026","0","PXD010504"
"435","0.034","2029","0","PXD010504"
"436","0.035","2035","0","PXD010504"
"437","0.036","2048","0","PXD010504"
"438","0.037","2050","0","PXD010504"
"439","0.038","2054","0","PXD010504"
"440","0.039","2066","0","PXD010504"
"441","0.04","2071","0","PXD010504"
"442","0.041","2072","0","PXD010504"
"443","0.042","2073","0","PXD010504"
"444","0.043","2075","0","PXD010504"
"445","0.044","2086","0","PXD010504"
"446","0.045","2092","0","PXD010504"
"447","0.046","2095","0","PXD010504"
"448","0.047","2096","0","PXD010504"
"449","0.048","2099","0","PXD010504"
"450","0.049","2104","0","PXD010504"
"451","0.05","2108","0","PXD010504"
"452","0.01","1924","1","PXD010504"
"453","0.011","1925","1","PXD010504"
"454","0.012","1926","1","PXD010504"
"455","0.013","1936","1","PXD010504"
"456","0.014","1936","1","PXD010504"
"457","0.015","1949","1","PXD010504"
"458","0.016","1956","1","PXD010504"
"459","0.017","1963","1","PXD010504"
"460","0.018","1966","1","PXD010504"
"461","0.019","1978","1","PXD010504"
"462","0.02","1988","1","PXD010504"
"463","0.021","1998","1","PXD010504"
"464","0.022","2002","1","PXD010504"
"465","0.023","2002","1","PXD010504"
"466","0.024","2006","1","PXD010504"
"467","0.025","2008","1","PXD010504"
"468","0.026","2013","1","PXD010504"
"469","0.027","2018","1","PXD010504"
"470","0.028","2028","1","PXD010504"
"471","0.029","2033","1","PXD010504"
"472","0.03","2042","1","PXD010504"
"473","0.031","2044","1","PXD010504"
"474","0.032","2045","1","PXD010504"
"475","0.033","2052","1","PXD010504"
"476","0.034","2056","1","PXD010504"
"477","0.035","2059","1","PXD010504"
"478","0.036","2062","1","PXD010504"
"479","0.037","2070","1","PXD010504"
"480","0.038","2071","1","PXD010504"
"481","0.039","2072","1","PXD010504"
"482","0.04","2075","1","PXD010504"
"483","0.041","2081","1","PXD010504"
"484","0.042","2081","1","PXD010504"
"485","0.043","2081","1","PXD010504"
"486","0.044","2087","1","PXD010504"
"487","0.045","2087","1","PXD010504"
"488","0.046","2090","1","PXD010504"
"489","0.047","2092","1","PXD010504"
"490","0.048","2095","1","PXD010504"
"491","0.049","2100","1","PXD010504"
"492","0.05","2104","1","PXD010504"
"493","0.01","527","0","PXD012528"
"494","0.011","527","0","PXD012528"
"495","0.012","531","0","PXD012528"
"496","0.013","531","0","PXD012528"
"497","0.014","533","0","PXD012528"
"498","0.015","546","0","PXD012528"
"499","0.016","546","0","PXD012528"
"500","0.017","547","0","PXD012528"
"501","0.018","547","0","PXD012528"
"502","0.019","547","0","PXD012528"
"503","0.02","547","0","PXD012528"
"504","0.021","548","0","PXD012528"
"505","0.022","552","0","PXD012528"
"506","0.023","552","0","PXD012528"
"507","0.024","556","0","PXD012528"
"508","0.025","556","0","PXD012528"
"509","0.026","557","0","PXD012528"
"510","0.027","557","0","PXD012528"
"511","0.028","557","0","PXD012528"
"512","0.029","557","0","PXD012528"
"513","0.03","557","0","PXD012528"
"514","0.031","557","0","PXD012528"
"515","0.032","557","0","PXD012528"
"516","0.033","560","0","PXD012528"
"517","0.034","565","0","PXD012528"
"518","0.035","565","0","PXD012528"
"519","0.036","565","0","PXD012528"
"520","0.037","570","0","PXD012528"
"521","0.038","570","0","PXD012528"
"522","0.039","570","0","PXD012528"
"523","0.04","570","0","PXD012528"
"524","0.041","572","0","PXD012528"
"525","0.042","576","0","PXD012528"
"526","0.043","576","0","PXD012528"
"527","0.044","577","0","PXD012528"
"528","0.045","577","0","PXD012528"
"529","0.046","577","0","PXD012528"
"530","0.047","581","0","PXD012528"
"531","0.048","581","0","PXD012528"
"532","0.049","581","0","PXD012528"
"533","0.05","584","0","PXD012528"
"534","0.01","502","1","PXD012528"
"535","0.011","502","1","PXD012528"
"536","0.012","502","1","PXD012528"
"537","0.013","502","1","PXD012528"
"538","0.014","502","1","PXD012528"
"539","0.015","502","1","PXD012528"
"540","0.016","502","1","PXD012528"
"541","0.017","502","1","PXD012528"
"542","0.018","504","1","PXD012528"
"543","0.019","504","1","PXD012528"
"544","0.02","504","1","PXD012528"
"545","0.021","504","1","PXD012528"
"546","0.022","513","1","PXD012528"
"547","0.023","513","1","PXD012528"
"548","0.024","513","1","PXD012528"
"549","0.025","513","1","PXD012528"
"550","0.026","515","1","PXD012528"
"551","0.027","515","1","PXD012528"
"552","0.028","515","1","PXD012528"
"553","0.029","515","1","PXD012528"
"554","0.03","517","1","PXD012528"
"555","0.031","520","1","PXD012528"
"556","0.032","520","1","PXD012528"
"557","0.033","521","1","PXD012528"
"558","0.034","521","1","PXD012528"
"559","0.035","529","1","PXD012528"
"560","0.036","530","1","PXD012528"
"561","0.037","530","1","PXD012528"
"562","0.038","531","1","PXD012528"
"563","0.039","531","1","PXD012528"
"564","0.04","531","1","PXD012528"
"565","0.041","531","1","PXD012528"
"566","0.042","532","1","PXD012528"
"567","0.043","532","1","PXD012528"
"568","0.044","532","1","PXD012528"
"569","0.045","532","1","PXD012528"
"570","0.046","532","1","PXD012528"
"571","0.047","534","1","PXD012528"
"572","0.048","534","1","PXD012528"
"573","0.049","534","1","PXD012528"
"574","0.05","534","1","PXD012528"
"575","0.01","3344","0","PXD012611"
"576","0.011","3345","0","PXD012611"
"577","0.012","3352","0","PXD012611"
"578","0.013","3358","0","PXD012611"
"579","0.014","3358","0","PXD012611"
"580","0.015","3364","0","PXD012611"
"581","0.016","3365","0","PXD012611"
"582","0.017","3375","0","PXD012611"
"583","0.018","3377","0","PXD012611"
"584","0.019","3379","0","PXD012611"
"585","0.02","3380","0","PXD012611"
"586","0.021","3385","0","PXD012611"
"587","0.022","3392","0","PXD012611"
"588","0.023","3395","0","PXD012611"
"589","0.024","3397","0","PXD012611"
"590","0.025","3405","0","PXD012611"
"591","0.026","3417","0","PXD012611"
"592","0.027","3417","0","PXD012611"
"593","0.028","3417","0","PXD012611"
"594","0.029","3417","0","PXD012611"
"595","0.03","3417","0","PXD012611"
"596","0.031","3417","0","PXD012611"
"597","0.032","3417","0","PXD012611"
"598","0.033","3417","0","PXD012611"
"599","0.034","3417","0","PXD012611"
"600","0.035","3417","0","PXD012611"
"601","0.036","3417","0","PXD012611"
"602","0.037","3417","0","PXD012611"
"603","0.038","3417","0","PXD012611"
"604","0.039","3417","0","PXD012611"
"605","0.04","3417","0","PXD012611"
"606","0.041","3417","0","PXD012611"
"607","0.042","3417","0","PXD012611"
"608","0.043","3417","0","PXD012611"
"609","0.044","3417","0","PXD012611"
"610","0.045","3417","0","PXD012611"
"611","0.046","3417","0","PXD012611"
"612","0.047","3417","0","PXD012611"
"613","0.048","3417","0","PXD012611"
"614","0.049","3417","0","PXD012611"
"615","0.05","3417","0","PXD012611"
"616","0.01","3338","1","PXD012611"
"617","0.011","3343","1","PXD012611"
"618","0.012","3357","1","PXD012611"
"619","0.013","3362","1","PXD012611"
"620","0.014","3369","1","PXD012611"
"621","0.015","3371","1","PXD012611"
"622","0.016","3371","1","PXD012611"
"623","0.017","3374","1","PXD012611"
"624","0.018","3381","1","PXD012611"
"625","0.019","3384","1","PXD012611"
"626","0.02","3387","1","PXD012611"
"627","0.021","3392","1","PXD012611"
"628","0.022","3399","1","PXD012611"
"629","0.023","3402","1","PXD012611"
"630","0.024","3402","1","PXD012611"
"631","0.025","3406","1","PXD012611"
"632","0.026","3410","1","PXD012611"
"633","0.027","3419","1","PXD012611"
"634","0.028","3421","1","PXD012611"
"635","0.029","3422","1","PXD012611"
"636","0.03","3423","1","PXD012611"
"637","0.031","3425","1","PXD012611"
"638","0.032","3425","1","PXD012611"
"639","0.033","3425","1","PXD012611"
"640","0.034","3425","1","PXD012611"
"641","0.035","3425","1","PXD012611"
"642","0.036","3425","1","PXD012611"
"643","0.037","3425","1","PXD012611"
"644","0.038","3425","1","PXD012611"
"645","0.039","3425","1","PXD012611"
"646","0.04","3425","1","PXD012611"
"647","0.041","3425","1","PXD012611"
"648","0.042","3425","1","PXD012611"
"649","0.043","3425","1","PXD012611"
"650","0.044","3425","1","PXD012611"
"651","0.045","3425","1","PXD012611"
"652","0.046","3425","1","PXD012611"
"653","0.047","3425","1","PXD012611"
"654","0.048","3425","1","PXD012611"
"655","0.049","3425","1","PXD012611"
"656","0.05","3425","1","PXD012611"
"657","0.01","14064","0","PXD013274_2"
"658","0.011","14078","0","PXD013274_2"
"659","0.012","14089","0","PXD013274_2"
"660","0.013","14099","0","PXD013274_2"
"661","0.014","14112","0","PXD013274_2"
"662","0.015","14120","0","PXD013274_2"
"663","0.016","14127","0","PXD013274_2"
"664","0.017","14136","0","PXD013274_2"
"665","0.018","14146","0","PXD013274_2"
"666","0.019","14161","0","PXD013274_2"
"667","0.02","14176","0","PXD013274_2"
"668","0.021","14183","0","PXD013274_2"
"669","0.022","14195","0","PXD013274_2"
"670","0.023","14205","0","PXD013274_2"
"671","0.024","14217","0","PXD013274_2"
"672","0.025","14236","0","PXD013274_2"
"673","0.026","14254","0","PXD013274_2"
"674","0.027","14261","0","PXD013274_2"
"675","0.028","14272","0","PXD013274_2"
"676","0.029","14285","0","PXD013274_2"
"677","0.03","14287","0","PXD013274_2"
"678","0.031","14295","0","PXD013274_2"
"679","0.032","14303","0","PXD013274_2"
"680","0.033","14320","0","PXD013274_2"
"681","0.034","14333","0","PXD013274_2"
"682","0.035","14347","0","PXD013274_2"
"683","0.036","14363","0","PXD013274_2"
"684","0.037","14381","0","PXD013274_2"
"685","0.038","14392","0","PXD013274_2"
"686","0.039","14398","0","PXD013274_2"
"687","0.04","14405","0","PXD013274_2"
"688","0.041","14414","0","PXD013274_2"
"689","0.042","14421","0","PXD013274_2"
"690","0.043","14429","0","PXD013274_2"
"691","0.044","14451","0","PXD013274_2"
"692","0.045","14463","0","PXD013274_2"
"693","0.046","14475","0","PXD013274_2"
"694","0.047","14484","0","PXD013274_2"
"695","0.048","14494","0","PXD013274_2"
"696","0.049","14510","0","PXD013274_2"
"697","0.05","14526","0","PXD013274_2"
"698","0.01","14097","1","PXD013274_2"
"699","0.011","14117","1","PXD013274_2"
"700","0.012","14143","1","PXD013274_2"
"701","0.013","14152","1","PXD013274_2"
"702","0.014","14156","1","PXD013274_2"
"703","0.015","14168","1","PXD013274_2"
"704","0.016","14180","1","PXD013274_2"
"705","0.017","14187","1","PXD013274_2"
"706","0.018","14197","1","PXD013274_2"
"707","0.019","14202","1","PXD013274_2"
"708","0.02","14206","1","PXD013274_2"
"709","0.021","14217","1","PXD013274_2"
"710","0.022","14226","1","PXD013274_2"
"711","0.023","14238","1","PXD013274_2"
"712","0.024","14242","1","PXD013274_2"
"713","0.025","14261","1","PXD013274_2"
"714","0.026","14277","1","PXD013274_2"
"715","0.027","14290","1","PXD013274_2"
"716","0.028","14297","1","PXD013274_2"
"717","0.029","14307","1","PXD013274_2"
"718","0.03","14321","1","PXD013274_2"
"719","0.031","14329","1","PXD013274_2"
"720","0.032","14348","1","PXD013274_2"
"721","0.033","14357","1","PXD013274_2"
"722","0.034","14368","1","PXD013274_2"
"723","0.035","14386","1","PXD013274_2"
"724","0.036","14395","1","PXD013274_2"
"725","0.037","14417","1","PXD013274_2"
"726","0.038","14435","1","PXD013274_2"
"727","0.039","14444","1","PXD013274_2"
"728","0.04","14455","1","PXD013274_2"
"729","0.041","14464","1","PXD013274_2"
"730","0.042","14480","1","PXD013274_2"
"731","0.043","14488","1","PXD013274_2"
"732","0.044","14492","1","PXD013274_2"
"733","0.045","14510","1","PXD013274_2"
"734","0.046","14517","1","PXD013274_2"
"735","0.047","14527","1","PXD013274_2"
"736","0.048","14541","1","PXD013274_2"
"737","0.049","14556","1","PXD013274_2"
"738","0.05","14562","1","PXD013274_2"
"739","0.01","2233","0","PXD014277"
"740","0.011","2237","0","PXD014277"
"741","0.012","2237","0","PXD014277"
"742","0.013","2249","0","PXD014277"
"743","0.014","2251","0","PXD014277"
"744","0.015","2251","0","PXD014277"
"745","0.016","2260","0","PXD014277"
"746","0.017","2279","0","PXD014277"
"747","0.018","2292","0","PXD014277"
"748","0.019","2292","0","PXD014277"
"749","0.02","2296","0","PXD014277"
"750","0.021","2300","0","PXD014277"
"751","0.022","2313","0","PXD014277"
"752","0.023","2335","0","PXD014277"
"753","0.024","2340","0","PXD014277"
"754","0.025","2340","0","PXD014277"
"755","0.026","2341","0","PXD014277"
"756","0.027","2349","0","PXD014277"
"757","0.028","2352","0","PXD014277"
"758","0.029","2352","0","PXD014277"
"759","0.03","2356","0","PXD014277"
"760","0.031","2360","0","PXD014277"
"761","0.032","2362","0","PXD014277"
"762","0.033","2366","0","PXD014277"
"763","0.034","2370","0","PXD014277"
"764","0.035","2375","0","PXD014277"
"765","0.036","2376","0","PXD014277"
"766","0.037","2380","0","PXD014277"
"767","0.038","2381","0","PXD014277"
"768","0.039","2383","0","PXD014277"
"769","0.04","2384","0","PXD014277"
"770","0.041","2386","0","PXD014277"
"771","0.042","2389","0","PXD014277"
"772","0.043","2393","0","PXD014277"
"773","0.044","2394","0","PXD014277"
"774","0.045","2394","0","PXD014277"
"775","0.046","2394","0","PXD014277"
"776","0.047","2396","0","PXD014277"
"777","0.048","2399","0","PXD014277"
"778","0.049","2400","0","PXD014277"
"779","0.05","2405","0","PXD014277"
"780","0.01","2264","1","PXD014277"
"781","0.011","2266","1","PXD014277"
"782","0.012","2272","1","PXD014277"
"783","0.013","2273","1","PXD014277"
"784","0.014","2277","1","PXD014277"
"785","0.015","2280","1","PXD014277"
"786","0.016","2282","1","PXD014277"
"787","0.017","2286","1","PXD014277"
"788","0.018","2290","1","PXD014277"
"789","0.019","2297","1","PXD014277"
"790","0.02","2298","1","PXD014277"
"791","0.021","2302","1","PXD014277"
"792","0.022","2308","1","PXD014277"
"793","0.023","2310","1","PXD014277"
"794","0.024","2310","1","PXD014277"
"795","0.025","2313","1","PXD014277"
"796","0.026","2321","1","PXD014277"
"797","0.027","2323","1","PXD014277"
"798","0.028","2324","1","PXD014277"
"799","0.029","2327","1","PXD014277"
"800","0.03","2332","1","PXD014277"
"801","0.031","2338","1","PXD014277"
"802","0.032","2339","1","PXD014277"
"803","0.033","2342","1","PXD014277"
"804","0.034","2343","1","PXD014277"
"805","0.035","2346","1","PXD014277"
"806","0.036","2350","1","PXD014277"
"807","0.037","2351","1","PXD014277"
"808","0.038","2358","1","PXD014277"
"809","0.039","2359","1","PXD014277"
"810","0.04","2359","1","PXD014277"
"811","0.041","2363","1","PXD014277"
"812","0.042","2365","1","PXD014277"
"813","0.043","2366","1","PXD014277"
"814","0.044","2368","1","PXD014277"
"815","0.045","2372","1","PXD014277"
"816","0.046","2374","1","PXD014277"
"817","0.047","2376","1","PXD014277"
"818","0.048","2379","1","PXD014277"
"819","0.049","2379","1","PXD014277"
"820","0.05","2382","1","PXD014277"
"821","0.01","7054","0","PXD016724"
"822","0.011","7114","0","PXD016724"
"823","0.012","7153","0","PXD016724"
"824","0.013","7174","0","PXD016724"
"825","0.014","7229","0","PXD016724"
"826","0.015","7240","0","PXD016724"
"827","0.016","7246","0","PXD016724"
"828","0.017","7268","0","PXD016724"
"829","0.018","7290","0","PXD016724"
"830","0.019","7305","0","PXD016724"
"831","0.02","7319","0","PXD016724"
"832","0.021","7337","0","PXD016724"
"833","0.022","7344","0","PXD016724"
"834","0.023","7358","0","PXD016724"
"835","0.024","7367","0","PXD016724"
"836","0.025","7384","0","PXD016724"
"837","0.026","7400","0","PXD016724"
"838","0.027","7409","0","PXD016724"
"839","0.028","7419","0","PXD016724"
"840","0.029","7426","0","PXD016724"
"841","0.03","7435","0","PXD016724"
"842","0.031","7444","0","PXD016724"
"843","0.032","7461","0","PXD016724"
"844","0.033","7475","0","PXD016724"
"845","0.034","7485","0","PXD016724"
"846","0.035","7499","0","PXD016724"
"847","0.036","7511","0","PXD016724"
"848","0.037","7517","0","PXD016724"
"849","0.038","7529","0","PXD016724"
"850","0.039","7543","0","PXD016724"
"851","0.04","7555","0","PXD016724"
"852","0.041","7568","0","PXD016724"
"853","0.042","7580","0","PXD016724"
"854","0.043","7592","0","PXD016724"
"855","0.044","7611","0","PXD016724"
"856","0.045","7621","0","PXD016724"
"857","0.046","7623","0","PXD016724"
"858","0.047","7637","0","PXD016724"
"859","0.048","7651","0","PXD016724"
"860","0.049","7662","0","PXD016724"
"861","0.05","7667","0","PXD016724"
"862","0.01","7060","1","PXD016724"
"863","0.011","7084","1","PXD016724"
"864","0.012","7110","1","PXD016724"
"865","0.013","7132","1","PXD016724"
"866","0.014","7150","1","PXD016724"
"867","0.015","7170","1","PXD016724"
"868","0.016","7191","1","PXD016724"
"869","0.017","7210","1","PXD016724"
"870","0.018","7225","1","PXD016724"
"871","0.019","7242","1","PXD016724"
"872","0.02","7260","1","PXD016724"
"873","0.021","7292","1","PXD016724"
"874","0.022","7313","1","PXD016724"
"875","0.023","7337","1","PXD016724"
"876","0.024","7347","1","PXD016724"
"877","0.025","7366","1","PXD016724"
"878","0.026","7390","1","PXD016724"
"879","0.027","7411","1","PXD016724"
"880","0.028","7426","1","PXD016724"
"881","0.029","7436","1","PXD016724"
"882","0.03","7457","1","PXD016724"
"883","0.031","7462","1","PXD016724"
"884","0.032","7471","1","PXD016724"
"885","0.033","7476","1","PXD016724"
"886","0.034","7491","1","PXD016724"
"887","0.035","7497","1","PXD016724"
"888","0.036","7510","1","PXD016724"
"889","0.037","7517","1","PXD016724"
"890","0.038","7521","1","PXD016724"
"891","0.039","7529","1","PXD016724"
"892","0.04","7541","1","PXD016724"
"893","0.041","7551","1","PXD016724"
"894","0.042","7569","1","PXD016724"
"895","0.043","7583","1","PXD016724"
"896","0.044","7591","1","PXD016724"
"897","0.045","7595","1","PXD016724"
"898","0.046","7610","1","PXD016724"
"899","0.047","7621","1","PXD016724"
"900","0.048","7633","1","PXD016724"
"901","0.049","7639","1","PXD016724"
"902","0.05","7645","1","PXD016724"
"903","0.01","2864","0","PXD019186"
"904","0.011","2925","0","PXD019186"
"905","0.012","2970","0","PXD019186"
"906","0.013","3001","0","PXD019186"
"907","0.014","3016","0","PXD019186"
"908","0.015","3034","0","PXD019186"
"909","0.016","3047","0","PXD019186"
"910","0.017","3055","0","PXD019186"
"911","0.018","3064","0","PXD019186"
"912","0.019","3065","0","PXD019186"
"913","0.02","3076","0","PXD019186"
"914","0.021","3082","0","PXD019186"
"915","0.022","3084","0","PXD019186"
"916","0.023","3091","0","PXD019186"
"917","0.024","3093","0","PXD019186"
"918","0.025","3095","0","PXD019186"
"919","0.026","3097","0","PXD019186"
"920","0.027","3102","0","PXD019186"
"921","0.028","3106","0","PXD019186"
"922","0.029","3108","0","PXD019186"
"923","0.03","3111","0","PXD019186"
"924","0.031","3114","0","PXD019186"
"925","0.032","3119","0","PXD019186"
"926","0.033","3122","0","PXD019186"
"927","0.034","3128","0","PXD019186"
"928","0.035","3140","0","PXD019186"
"929","0.036","3146","0","PXD019186"
"930","0.037","3147","0","PXD019186"
"931","0.038","3151","0","PXD019186"
"932","0.039","3155","0","PXD019186"
"933","0.04","3164","0","PXD019186"
"934","0.041","3172","0","PXD019186"
"935","0.042","3180","0","PXD019186"
"936","0.043","3184","0","PXD019186"
"937","0.044","3191","0","PXD019186"
"938","0.045","3194","0","PXD019186"
"939","0.046","3201","0","PXD019186"
"940","0.047","3216","0","PXD019186"
"941","0.048","3226","0","PXD019186"
"942","0.049","3231","0","PXD019186"
"943","0.05","3247","0","PXD019186"
"944","0.01","2941","1","PXD019186"
"945","0.011","2953","1","PXD019186"
"946","0.012","2957","1","PXD019186"
"947","0.013","2982","1","PXD019186"
"948","0.014","2985","1","PXD019186"
"949","0.015","2992","1","PXD019186"
"950","0.016","3008","1","PXD019186"
"951","0.017","3052","1","PXD019186"
"952","0.018","3052","1","PXD019186"
"953","0.019","3057","1","PXD019186"
"954","0.02","3062","1","PXD019186"
"955","0.021","3077","1","PXD019186"
"956","0.022","3085","1","PXD019186"
"957","0.023","3089","1","PXD019186"
"958","0.024","3091","1","PXD019186"
"959","0.025","3099","1","PXD019186"
"960","0.026","3110","1","PXD019186"
"961","0.027","3128","1","PXD019186"
"962","0.028","3134","1","PXD019186"
"963","0.029","3143","1","PXD019186"
"964","0.03","3148","1","PXD019186"
"965","0.031","3161","1","PXD019186"
"966","0.032","3163","1","PXD019186"
"967","0.033","3170","1","PXD019186"
"968","0.034","3177","1","PXD019186"
"969","0.035","3182","1","PXD019186"
"970","0.036","3187","1","PXD019186"
"971","0.037","3192","1","PXD019186"
"972","0.038","3193","1","PXD019186"
"973","0.039","3202","1","PXD019186"
"974","0.04","3211","1","PXD019186"
"975","0.041","3224","1","PXD019186"
"976","0.042","3233","1","PXD019186"
"977","0.043","3237","1","PXD019186"
"978","0.044","3241","1","PXD019186"
"979","0.045","3245","1","PXD019186"
"980","0.046","3246","1","PXD019186"
"981","0.047","3247","1","PXD019186"
"982","0.048","3256","1","PXD019186"
"983","0.049","3265","1","PXD019186"
"984","0.05","3280","1","PXD019186"
"985","0.01","8747","0","PXD019354"
"986","0.011","8789","0","PXD019354"
"987","0.012","8840","0","PXD019354"
"988","0.013","8873","0","PXD019354"
"989","0.014","8901","0","PXD019354"
"990","0.015","8939","0","PXD019354"
"991","0.016","8951","0","PXD019354"
"992","0.017","8969","0","PXD019354"
"993","0.018","8977","0","PXD019354"
"994","0.019","8995","0","PXD019354"
"995","0.02","9045","0","PXD019354"
"996","0.021","9066","0","PXD019354"
"997","0.022","9106","0","PXD019354"
"998","0.023","9133","0","PXD019354"
"999","0.024","9152","0","PXD019354"
"1000","0.025","9177","0","PXD019354"
"1001","0.026","9210","0","PXD019354"
"1002","0.027","9223","0","PXD019354"
"1003","0.028","9232","0","PXD019354"
"1004","0.029","9251","0","PXD019354"
"1005","0.03","9275","0","PXD019354"
"1006","0.031","9280","0","PXD019354"
"1007","0.032","9296","0","PXD019354"
"1008","0.033","9345","0","PXD019354"
"1009","0.034","9374","0","PXD019354"
"1010","0.035","9396","0","PXD019354"
"1011","0.036","9410","0","PXD019354"
"1012","0.037","9416","0","PXD019354"
"1013","0.038","9428","0","PXD019354"
"1014","0.039","9451","0","PXD019354"
"1015","0.04","9467","0","PXD019354"
"1016","0.041","9478","0","PXD019354"
"1017","0.042","9493","0","PXD019354"
"1018","0.043","9501","0","PXD019354"
"1019","0.044","9520","0","PXD019354"
"1020","0.045","9536","0","PXD019354"
"1021","0.046","9557","0","PXD019354"
"1022","0.047","9566","0","PXD019354"
"1023","0.048","9577","0","PXD019354"
"1024","0.049","9594","0","PXD019354"
"1025","0.05","9616","0","PXD019354"
"1026","0.01","8788","1","PXD019354"
"1027","0.011","8851","1","PXD019354"
"1028","0.012","8890","1","PXD019354"
"1029","0.013","8918","1","PXD019354"
"1030","0.014","8961","1","PXD019354"
"1031","0.015","8991","1","PXD019354"
"1032","0.016","9041","1","PXD019354"
"1033","0.017","9075","1","PXD019354"
"1034","0.018","9090","1","PXD019354"
"1035","0.019","9112","1","PXD019354"
"1036","0.02","9124","1","PXD019354"
"1037","0.021","9145","1","PXD019354"
"1038","0.022","9152","1","PXD019354"
"1039","0.023","9180","1","PXD019354"
"1040","0.024","9204","1","PXD019354"
"1041","0.025","9228","1","PXD019354"
"1042","0.026","9247","1","PXD019354"
"1043","0.027","9261","1","PXD019354"
"1044","0.028","9283","1","PXD019354"
"1045","0.029","9293","1","PXD019354"
"1046","0.03","9310","1","PXD019354"
"1047","0.031","9333","1","PXD019354"
"1048","0.032","9345","1","PXD019354"
"1049","0.033","9359","1","PXD019354"
"1050","0.034","9372","1","PXD019354"
"1051","0.035","9385","1","PXD019354"
"1052","0.036","9404","1","PXD019354"
"1053","0.037","9419","1","PXD019354"
"1054","0.038","9429","1","PXD019354"
"1055","0.039","9448","1","PXD019354"
"1056","0.04","9463","1","PXD019354"
"1057","0.041","9478","1","PXD019354"
"1058","0.042","9491","1","PXD019354"
"1059","0.043","9498","1","PXD019354"
"1060","0.044","9510","1","PXD019354"
"1061","0.045","9518","1","PXD019354"
"1062","0.046","9525","1","PXD019354"
"1063","0.047","9559","1","PXD019354"
"1064","0.048","9578","1","PXD019354"
"1065","0.049","9592","1","PXD019354"
"1066","0.05","9608","1","PXD019354"
"1067","0.01","3021","0","PXD022257"
"1068","0.011","3023","0","PXD022257"
"1069","0.012","3033","0","PXD022257"
"1070","0.013","3038","0","PXD022257"
"1071","0.014","3041","0","PXD022257"
"1072","0.015","3059","0","PXD022257"
"1073","0.016","3068","0","PXD022257"
"1074","0.017","3077","0","PXD022257"
"1075","0.018","3086","0","PXD022257"
"1076","0.019","3096","0","PXD022257"
"1077","0.02","3099","0","PXD022257"
"1078","0.021","3111","0","PXD022257"
"1079","0.022","3112","0","PXD022257"
"1080","0.023","3115","0","PXD022257"
"1081","0.024","3123","0","PXD022257"
"1082","0.025","3128","0","PXD022257"
"1083","0.026","3130","0","PXD022257"
"1084","0.027","3139","0","PXD022257"
"1085","0.028","3144","0","PXD022257"
"1086","0.029","3145","0","PXD022257"
"1087","0.03","3148","0","PXD022257"
"1088","0.031","3154","0","PXD022257"
"1089","0.032","3157","0","PXD022257"
"1090","0.033","3159","0","PXD022257"
"1091","0.034","3165","0","PXD022257"
"1092","0.035","3171","0","PXD022257"
"1093","0.036","3172","0","PXD022257"
"1094","0.037","3178","0","PXD022257"
"1095","0.038","3185","0","PXD022257"
"1096","0.039","3186","0","PXD022257"
"1097","0.04","3187","0","PXD022257"
"1098","0.041","3189","0","PXD022257"
"1099","0.042","3193","0","PXD022257"
"1100","0.043","3202","0","PXD022257"
"1101","0.044","3206","0","PXD022257"
"1102","0.045","3207","0","PXD022257"
"1103","0.046","3211","0","PXD022257"
"1104","0.047","3214","0","PXD022257"
"1105","0.048","3217","0","PXD022257"
"1106","0.049","3217","0","PXD022257"
"1107","0.05","3220","0","PXD022257"
"1108","0.01","2974","1","PXD022257"
"1109","0.011","2978","1","PXD022257"
"1110","0.012","2987","1","PXD022257"
"1111","0.013","2992","1","PXD022257"
"1112","0.014","2992","1","PXD022257"
"1113","0.015","3004","1","PXD022257"
"1114","0.016","3011","1","PXD022257"
"1115","0.017","3019","1","PXD022257"
"1116","0.018","3028","1","PXD022257"
"1117","0.019","3030","1","PXD022257"
"1118","0.02","3033","1","PXD022257"
"1119","0.021","3037","1","PXD022257"
"1120","0.022","3042","1","PXD022257"
"1121","0.023","3044","1","PXD022257"
"1122","0.024","3048","1","PXD022257"
"1123","0.025","3054","1","PXD022257"
"1124","0.026","3061","1","PXD022257"
"1125","0.027","3063","1","PXD022257"
"1126","0.028","3066","1","PXD022257"
"1127","0.029","3071","1","PXD022257"
"1128","0.03","3077","1","PXD022257"
"1129","0.031","3085","1","PXD022257"
"1130","0.032","3086","1","PXD022257"
"1131","0.033","3091","1","PXD022257"
"1132","0.034","3098","1","PXD022257"
"1133","0.035","3107","1","PXD022257"
"1134","0.036","3112","1","PXD022257"
"1135","0.037","3118","1","PXD022257"
"1136","0.038","3122","1","PXD022257"
"1137","0.039","3126","1","PXD022257"
"1138","0.04","3127","1","PXD022257"
"1139","0.041","3129","1","PXD022257"
"1140","0.042","3134","1","PXD022257"
"1141","0.043","3136","1","PXD022257"
"1142","0.044","3147","1","PXD022257"
"1143","0.045","3147","1","PXD022257"
"1144","0.046","3151","1","PXD022257"
"1145","0.047","3151","1","PXD022257"
"1146","0.048","3158","1","PXD022257"
"1147","0.049","3163","1","PXD022257"
"1148","0.05","3163","1","PXD022257"
"1149","0.01","2075","0","PXD023571"
"1150","0.011","2101","0","PXD023571"
"1151","0.012","2110","0","PXD023571"
"1152","0.013","2113","0","PXD023571"
"1153","0.014","2148","0","PXD023571"
"1154","0.015","2149","0","PXD023571"
"1155","0.016","2153","0","PXD023571"
"1156","0.017","2155","0","PXD023571"
"1157","0.018","2177","0","PXD023571"
"1158","0.019","2186","0","PXD023571"
"1159","0.02","2203","0","PXD023571"
"1160","0.021","2205","0","PXD023571"
"1161","0.022","2208","0","PXD023571"
"1162","0.023","2229","0","PXD023571"
"1163","0.024","2235","0","PXD023571"
"1164","0.025","2236","0","PXD023571"
"1165","0.026","2238","0","PXD023571"
"1166","0.027","2240","0","PXD023571"
"1167","0.028","2244","0","PXD023571"
"1168","0.029","2250","0","PXD023571"
"1169","0.03","2256","0","PXD023571"
"1170","0.031","2265","0","PXD023571"
"1171","0.032","2267","0","PXD023571"
"1172","0.033","2269","0","PXD023571"
"1173","0.034","2273","0","PXD023571"
"1174","0.035","2273","0","PXD023571"
"1175","0.036","2279","0","PXD023571"
"1176","0.037","2284","0","PXD023571"
"1177","0.038","2296","0","PXD023571"
"1178","0.039","2296","0","PXD023571"
"1179","0.04","2300","0","PXD023571"
"1180","0.041","2300","0","PXD023571"
"1181","0.042","2300","0","PXD023571"
"1182","0.043","2309","0","PXD023571"
"1183","0.044","2326","0","PXD023571"
"1184","0.045","2331","0","PXD023571"
"1185","0.046","2334","0","PXD023571"
"1186","0.047","2341","0","PXD023571"
"1187","0.048","2343","0","PXD023571"
"1188","0.049","2350","0","PXD023571"
"1189","0.05","2352","0","PXD023571"
"1190","0.01","2105","1","PXD023571"
"1191","0.011","2113","1","PXD023571"
"1192","0.012","2131","1","PXD023571"
"1193","0.013","2159","1","PXD023571"
"1194","0.014","2160","1","PXD023571"
"1195","0.015","2168","1","PXD023571"
"1196","0.016","2180","1","PXD023571"
"1197","0.017","2194","1","PXD023571"
"1198","0.018","2194","1","PXD023571"
"1199","0.019","2222","1","PXD023571"
"1200","0.02","2234","1","PXD023571"
"1201","0.021","2237","1","PXD023571"
"1202","0.022","2247","1","PXD023571"
"1203","0.023","2254","1","PXD023571"
"1204","0.024","2256","1","PXD023571"
"1205","0.025","2268","1","PXD023571"
"1206","0.026","2279","1","PXD023571"
"1207","0.027","2290","1","PXD023571"
"1208","0.028","2303","1","PXD023571"
"1209","0.029","2304","1","PXD023571"
"1210","0.03","2309","1","PXD023571"
"1211","0.031","2312","1","PXD023571"
"1212","0.032","2313","1","PXD023571"
"1213","0.033","2313","1","PXD023571"
"1214","0.034","2316","1","PXD023571"
"1215","0.035","2325","1","PXD023571"
"1216","0.036","2330","1","PXD023571"
"1217","0.037","2332","1","PXD023571"
"1218","0.038","2332","1","PXD023571"
"1219","0.039","2332","1","PXD023571"
"1220","0.04","2341","1","PXD023571"
"1221","0.041","2345","1","PXD023571"
"1222","0.042","2348","1","PXD023571"
"1223","0.043","2350","1","PXD023571"
"1224","0.044","2357","1","PXD023571"
"1225","0.045","2357","1","PXD023571"
"1226","0.046","2372","1","PXD023571"
"1227","0.047","2373","1","PXD023571"
"1228","0.048","2375","1","PXD023571"
"1229","0.049","2377","1","PXD023571"
"1230","0.05","2382","1","PXD023571"
"1231","0.01","1610","0","PXD024284_2"
"1232","0.011","1610","0","PXD024284_2"
"1233","0.012","1615","0","PXD024284_2"
"1234","0.013","1620","0","PXD024284_2"
"1235","0.014","1620","0","PXD024284_2"
"1236","0.015","1627","0","PXD024284_2"
"1237","0.016","1631","0","PXD024284_2"
"1238","0.017","1633","0","PXD024284_2"
"1239","0.018","1635","0","PXD024284_2"
"1240","0.019","1641","0","PXD024284_2"
"1241","0.02","1646","0","PXD024284_2"
"1242","0.021","1647","0","PXD024284_2"
"1243","0.022","1655","0","PXD024284_2"
"1244","0.023","1656","0","PXD024284_2"
"1245","0.024","1657","0","PXD024284_2"
"1246","0.025","1667","0","PXD024284_2"
"1247","0.026","1672","0","PXD024284_2"
"1248","0.027","1676","0","PXD024284_2"
"1249","0.028","1676","0","PXD024284_2"
"1250","0.029","1677","0","PXD024284_2"
"1251","0.03","1686","0","PXD024284_2"
"1252","0.031","1686","0","PXD024284_2"
"1253","0.032","1693","0","PXD024284_2"
"1254","0.033","1695","0","PXD024284_2"
"1255","0.034","1696","0","PXD024284_2"
"1256","0.035","1699","0","PXD024284_2"
"1257","0.036","1702","0","PXD024284_2"
"1258","0.037","1702","0","PXD024284_2"
"1259","0.038","1702","0","PXD024284_2"
"1260","0.039","1708","0","PXD024284_2"
"1261","0.04","1711","0","PXD024284_2"
"1262","0.041","1711","0","PXD024284_2"
"1263","0.042","1712","0","PXD024284_2"
"1264","0.043","1713","0","PXD024284_2"
"1265","0.044","1716","0","PXD024284_2"
"1266","0.045","1717","0","PXD024284_2"
"1267","0.046","1722","0","PXD024284_2"
"1268","0.047","1732","0","PXD024284_2"
"1269","0.048","1733","0","PXD024284_2"
"1270","0.049","1738","0","PXD024284_2"
"1271","0.05","1743","0","PXD024284_2"
"1272","0.01","1641","1","PXD024284_2"
"1273","0.011","1645","1","PXD024284_2"
"1274","0.012","1648","1","PXD024284_2"
"1275","0.013","1654","1","PXD024284_2"
"1276","0.014","1657","1","PXD024284_2"
"1277","0.015","1657","1","PXD024284_2"
"1278","0.016","1660","1","PXD024284_2"
"1279","0.017","1661","1","PXD024284_2"
"1280","0.018","1663","1","PXD024284_2"
"1281","0.019","1670","1","PXD024284_2"
"1282","0.02","1677","1","PXD024284_2"
"1283","0.021","1681","1","PXD024284_2"
"1284","0.022","1682","1","PXD024284_2"
"1285","0.023","1687","1","PXD024284_2"
"1286","0.024","1690","1","PXD024284_2"
"1287","0.025","1693","1","PXD024284_2"
"1288","0.026","1696","1","PXD024284_2"
"1289","0.027","1696","1","PXD024284_2"
"1290","0.028","1697","1","PXD024284_2"
"1291","0.029","1703","1","PXD024284_2"
"1292","0.03","1705","1","PXD024284_2"
"1293","0.031","1708","1","PXD024284_2"
"1294","0.032","1712","1","PXD024284_2"
"1295","0.033","1712","1","PXD024284_2"
"1296","0.034","1723","1","PXD024284_2"
"1297","0.035","1729","1","PXD024284_2"
"1298","0.036","1736","1","PXD024284_2"
"1299","0.037","1740","1","PXD024284_2"
"1300","0.038","1745","1","PXD024284_2"
"1301","0.039","1746","1","PXD024284_2"
"1302","0.04","1752","1","PXD024284_2"
"1303","0.041","1752","1","PXD024284_2"
"1304","0.042","1752","1","PXD024284_2"
"1305","0.043","1756","1","PXD024284_2"
"1306","0.044","1758","1","PXD024284_2"
"1307","0.045","1764","1","PXD024284_2"
"1308","0.046","1767","1","PXD024284_2"
"1309","0.047","1767","1","PXD024284_2"
"1310","0.048","1769","1","PXD024284_2"
"1311","0.049","1770","1","PXD024284_2"
"1312","0.05","1774","1","PXD024284_2"
"1313","0.01","7032","0","PXD025130"
"1314","0.011","7058","0","PXD025130"
"1315","0.012","7104","0","PXD025130"
"1316","0.013","7110","0","PXD025130"
"1317","0.014","7144","0","PXD025130"
"1318","0.015","7168","0","PXD025130"
"1319","0.016","7180","0","PXD025130"
"1320","0.017","7194","0","PXD025130"
"1321","0.018","7210","0","PXD025130"
"1322","0.019","7219","0","PXD025130"
"1323","0.02","7236","0","PXD025130"
"1324","0.021","7245","0","PXD025130"
"1325","0.022","7248","0","PXD025130"
"1326","0.023","7268","0","PXD025130"
"1327","0.024","7277","0","PXD025130"
"1328","0.025","7299","0","PXD025130"
"1329","0.026","7320","0","PXD025130"
"1330","0.027","7332","0","PXD025130"
"1331","0.028","7348","0","PXD025130"
"1332","0.029","7362","0","PXD025130"
"1333","0.03","7382","0","PXD025130"
"1334","0.031","7389","0","PXD025130"
"1335","0.032","7398","0","PXD025130"
"1336","0.033","7409","0","PXD025130"
"1337","0.034","7422","0","PXD025130"
"1338","0.035","7441","0","PXD025130"
"1339","0.036","7441","0","PXD025130"
"1340","0.037","7447","0","PXD025130"
"1341","0.038","7458","0","PXD025130"
"1342","0.039","7463","0","PXD025130"
"1343","0.04","7469","0","PXD025130"
"1344","0.041","7477","0","PXD025130"
"1345","0.042","7488","0","PXD025130"
"1346","0.043","7496","0","PXD025130"
"1347","0.044","7499","0","PXD025130"
"1348","0.045","7508","0","PXD025130"
"1349","0.046","7520","0","PXD025130"
"1350","0.047","7532","0","PXD025130"
"1351","0.048","7540","0","PXD025130"
"1352","0.049","7547","0","PXD025130"
"1353","0.05","7561","0","PXD025130"
"1354","0.01","6979","1","PXD025130"
"1355","0.011","6993","1","PXD025130"
"1356","0.012","7012","1","PXD025130"
"1357","0.013","7025","1","PXD025130"
"1358","0.014","7043","1","PXD025130"
"1359","0.015","7052","1","PXD025130"
"1360","0.016","7075","1","PXD025130"
"1361","0.017","7102","1","PXD025130"
"1362","0.018","7118","1","PXD025130"
"1363","0.019","7135","1","PXD025130"
"1364","0.02","7162","1","PXD025130"
"1365","0.021","7180","1","PXD025130"
"1366","0.022","7185","1","PXD025130"
"1367","0.023","7197","1","PXD025130"
"1368","0.024","7206","1","PXD025130"
"1369","0.025","7215","1","PXD025130"
"1370","0.026","7221","1","PXD025130"
"1371","0.027","7247","1","PXD025130"
"1372","0.028","7270","1","PXD025130"
"1373","0.029","7278","1","PXD025130"
"1374","0.03","7293","1","PXD025130"
"1375","0.031","7307","1","PXD025130"
"1376","0.032","7311","1","PXD025130"
"1377","0.033","7336","1","PXD025130"
"1378","0.034","7343","1","PXD025130"
"1379","0.035","7355","1","PXD025130"
"1380","0.036","7365","1","PXD025130"
"1381","0.037","7374","1","PXD025130"
"1382","0.038","7391","1","PXD025130"
"1383","0.039","7397","1","PXD025130"
"1384","0.04","7403","1","PXD025130"
"1385","0.041","7419","1","PXD025130"
"1386","0.042","7425","1","PXD025130"
"1387","0.043","7443","1","PXD025130"
"1388","0.044","7458","1","PXD025130"
"1389","0.045","7470","1","PXD025130"
"1390","0.046","7476","1","PXD025130"
"1391","0.047","7481","1","PXD025130"
"1392","0.048","7490","1","PXD025130"
"1393","0.049","7505","1","PXD025130"
"1394","0.05","7522","1","PXD025130"
"1395","0.01","4034","0","PXD026895"
"1396","0.011","4047","0","PXD026895"
"1397","0.012","4057","0","PXD026895"
"1398","0.013","4065","0","PXD026895"
"1399","0.014","4067","0","PXD026895"
"1400","0.015","4076","0","PXD026895"
"1401","0.016","4077","0","PXD026895"
"1402","0.017","4086","0","PXD026895"
"1403","0.018","4094","0","PXD026895"
"1404","0.019","4100","0","PXD026895"
"1405","0.02","4101","0","PXD026895"
"1406","0.021","4102","0","PXD026895"
"1407","0.022","4111","0","PXD026895"
"1408","0.023","4118","0","PXD026895"
"1409","0.024","4129","0","PXD026895"
"1410","0.025","4129","0","PXD026895"
"1411","0.026","4137","0","PXD026895"
"1412","0.027","4139","0","PXD026895"
"1413","0.028","4140","0","PXD026895"
"1414","0.029","4151","0","PXD026895"
"1415","0.03","4155","0","PXD026895"
"1416","0.031","4162","0","PXD026895"
"1417","0.032","4166","0","PXD026895"
"1418","0.033","4174","0","PXD026895"
"1419","0.034","4178","0","PXD026895"
"1420","0.035","4186","0","PXD026895"
"1421","0.036","4190","0","PXD026895"
"1422","0.037","4202","0","PXD026895"
"1423","0.038","4207","0","PXD026895"
"1424","0.039","4215","0","PXD026895"
"1425","0.04","4226","0","PXD026895"
"1426","0.041","4231","0","PXD026895"
"1427","0.042","4233","0","PXD026895"
"1428","0.043","4240","0","PXD026895"
"1429","0.044","4243","0","PXD026895"
"1430","0.045","4254","0","PXD026895"
"1431","0.046","4275","0","PXD026895"
"1432","0.047","4279","0","PXD026895"
"1433","0.048","4293","0","PXD026895"
"1434","0.049","4310","0","PXD026895"
"1435","0.05","4311","0","PXD026895"
"1436","0.01","4055","1","PXD026895"
"1437","0.011","4067","1","PXD026895"
"1438","0.012","4074","1","PXD026895"
"1439","0.013","4087","1","PXD026895"
"1440","0.014","4099","1","PXD026895"
"1441","0.015","4103","1","PXD026895"
"1442","0.016","4109","1","PXD026895"
"1443","0.017","4111","1","PXD026895"
"1444","0.018","4112","1","PXD026895"
"1445","0.019","4116","1","PXD026895"
"1446","0.02","4122","1","PXD026895"
"1447","0.021","4126","1","PXD026895"
"1448","0.022","4140","1","PXD026895"
"1449","0.023","4141","1","PXD026895"
"1450","0.024","4149","1","PXD026895"
"1451","0.025","4152","1","PXD026895"
"1452","0.026","4164","1","PXD026895"
"1453","0.027","4173","1","PXD026895"
"1454","0.028","4175","1","PXD026895"
"1455","0.029","4182","1","PXD026895"
"1456","0.03","4185","1","PXD026895"
"1457","0.031","4192","1","PXD026895"
"1458","0.032","4199","1","PXD026895"
"1459","0.033","4202","1","PXD026895"
"1460","0.034","4205","1","PXD026895"
"1461","0.035","4220","1","PXD026895"
"1462","0.036","4233","1","PXD026895"
"1463","0.037","4240","1","PXD026895"
"1464","0.038","4245","1","PXD026895"
"1465","0.039","4248","1","PXD026895"
"1466","0.04","4253","1","PXD026895"
"1467","0.041","4264","1","PXD026895"
"1468","0.042","4268","1","PXD026895"
"1469","0.043","4273","1","PXD026895"
"1470","0.044","4276","1","PXD026895"
"1471","0.045","4278","1","PXD026895"
"1472","0.046","4279","1","PXD026895"
"1473","0.047","4283","1","PXD026895"
"1474","0.048","4286","1","PXD026895"
"1475","0.049","4289","1","PXD026895"
"1476","0.05","4293","1","PXD026895"
"1477","0.01","270","0","PXD029319"
"1478","0.011","279","0","PXD029319"
"1479","0.012","279","0","PXD029319"
"1480","0.013","279","0","PXD029319"
"1481","0.014","289","0","PXD029319"
"1482","0.015","289","0","PXD029319"
"1483","0.016","289","0","PXD029319"
"1484","0.017","295","0","PXD029319"
"1485","0.018","295","0","PXD029319"
"1486","0.019","295","0","PXD029319"
"1487","0.02","300","0","PXD029319"
"1488","0.021","300","0","PXD029319"
"1489","0.022","300","0","PXD029319"
"1490","0.023","306","0","PXD029319"
"1491","0.024","306","0","PXD029319"
"1492","0.025","306","0","PXD029319"
"1493","0.026","308","0","PXD029319"
"1494","0.027","308","0","PXD029319"
"1495","0.028","308","0","PXD029319"
"1496","0.029","308","0","PXD029319"
"1497","0.03","310","0","PXD029319"
"1498","0.031","310","0","PXD029319"
"1499","0.032","310","0","PXD029319"
"1500","0.033","312","0","PXD029319"
"1501","0.034","312","0","PXD029319"
"1502","0.035","312","0","PXD029319"
"1503","0.036","312","0","PXD029319"
"1504","0.037","312","0","PXD029319"
"1505","0.038","312","0","PXD029319"
"1506","0.039","312","0","PXD029319"
"1507","0.04","312","0","PXD029319"
"1508","0.041","312","0","PXD029319"
"1509","0.042","312","0","PXD029319"
"1510","0.043","312","0","PXD029319"
"1511","0.044","312","0","PXD029319"
"1512","0.045","313","0","PXD029319"
"1513","0.046","313","0","PXD029319"
"1514","0.047","313","0","PXD029319"
"1515","0.048","316","0","PXD029319"
"1516","0.049","316","0","PXD029319"
"1517","0.05","316","0","PXD029319"
"1518","0.01","291","1","PXD029319"
"1519","0.011","297","1","PXD029319"
"1520","0.012","297","1","PXD029319"
"1521","0.013","297","1","PXD029319"
"1522","0.014","300","1","PXD029319"
"1523","0.015","300","1","PXD029319"
"1524","0.016","300","1","PXD029319"
"1525","0.017","303","1","PXD029319"
"1526","0.018","303","1","PXD029319"
"1527","0.019","303","1","PXD029319"
"1528","0.02","303","1","PXD029319"
"1529","0.021","303","1","PXD029319"
"1530","0.022","303","1","PXD029319"
"1531","0.023","303","1","PXD029319"
"1532","0.024","304","1","PXD029319"
"1533","0.025","304","1","PXD029319"
"1534","0.026","308","1","PXD029319"
"1535","0.027","308","1","PXD029319"
"1536","0.028","308","1","PXD029319"
"1537","0.029","316","1","PXD029319"
"1538","0.03","316","1","PXD029319"
"1539","0.031","316","1","PXD029319"
"1540","0.032","317","1","PXD029319"
"1541","0.033","317","1","PXD029319"
"1542","0.034","317","1","PXD029319"
"1543","0.035","317","1","PXD029319"
"1544","0.036","317","1","PXD029319"
"1545","0.037","317","1","PXD029319"
"1546","0.038","317","1","PXD029319"
"1547","0.039","317","1","PXD029319"
"1548","0.04","317","1","PXD029319"
"1549","0.041","317","1","PXD029319"
"1550","0.042","317","1","PXD029319"
"1551","0.043","317","1","PXD029319"
"1552","0.044","319","1","PXD029319"
"1553","0.045","319","1","PXD029319"
"1554","0.046","319","1","PXD029319"
"1555","0.047","319","1","PXD029319"
"1556","0.048","319","1","PXD029319"
"1557","0.049","319","1","PXD029319"
"1558","0.05","319","1","PXD029319"
"1559","0.01","8325","0","PXD030118"
"1560","0.011","8332","0","PXD030118"
"1561","0.012","8356","0","PXD030118"
"1562","0.013","8365","0","PXD030118"
"1563","0.014","8377","0","PXD030118"
"1564","0.015","8392","0","PXD030118"
"1565","0.016","8406","0","PXD030118"
"1566","0.017","8417","0","PXD030118"
"1567","0.018","8429","0","PXD030118"
"1568","0.019","8430","0","PXD030118"
"1569","0.02","8447","0","PXD030118"
"1570","0.021","8451","0","PXD030118"
"1571","0.022","8461","0","PXD030118"
"1572","0.023","8478","0","PXD030118"
"1573","0.024","8482","0","PXD030118"
"1574","0.025","8499","0","PXD030118"
"1575","0.026","8514","0","PXD030118"
"1576","0.027","8521","0","PXD030118"
"1577","0.028","8545","0","PXD030118"
"1578","0.029","8557","0","PXD030118"
"1579","0.03","8571","0","PXD030118"
"1580","0.031","8575","0","PXD030118"
"1581","0.032","8582","0","PXD030118"
"1582","0.033","8587","0","PXD030118"
"1583","0.034","8597","0","PXD030118"
"1584","0.035","8603","0","PXD030118"
"1585","0.036","8614","0","PXD030118"
"1586","0.037","8624","0","PXD030118"
"1587","0.038","8637","0","PXD030118"
"1588","0.039","8653","0","PXD030118"
"1589","0.04","8663","0","PXD030118"
"1590","0.041","8672","0","PXD030118"
"1591","0.042","8700","0","PXD030118"
"1592","0.043","8709","0","PXD030118"
"1593","0.044","8721","0","PXD030118"
"1594","0.045","8730","0","PXD030118"
"1595","0.046","8737","0","PXD030118"
"1596","0.047","8748","0","PXD030118"
"1597","0.048","8760","0","PXD030118"
"1598","0.049","8764","0","PXD030118"
"1599","0.05","8782","0","PXD030118"
"1600","0.01","8372","1","PXD030118"
"1601","0.011","8392","1","PXD030118"
"1602","0.012","8397","1","PXD030118"
"1603","0.013","8410","1","PXD030118"
"1604","0.014","8433","1","PXD030118"
"1605","0.015","8453","1","PXD030118"
"1606","0.016","8468","1","PXD030118"
"1607","0.017","8478","1","PXD030118"
"1608","0.018","8511","1","PXD030118"
"1609","0.019","8521","1","PXD030118"
"1610","0.02","8530","1","PXD030118"
"1611","0.021","8553","1","PXD030118"
"1612","0.022","8566","1","PXD030118"
"1613","0.023","8578","1","PXD030118"
"1614","0.024","8591","1","PXD030118"
"1615","0.025","8597","1","PXD030118"
"1616","0.026","8606","1","PXD030118"
"1617","0.027","8612","1","PXD030118"
"1618","0.028","8623","1","PXD030118"
"1619","0.029","8631","1","PXD030118"
"1620","0.03","8645","1","PXD030118"
"1621","0.031","8671","1","PXD030118"
"1622","0.032","8678","1","PXD030118"
"1623","0.033","8699","1","PXD030118"
"1624","0.034","8705","1","PXD030118"
"1625","0.035","8711","1","PXD030118"
"1626","0.036","8720","1","PXD030118"
"1627","0.037","8726","1","PXD030118"
"1628","0.038","8732","1","PXD030118"
"1629","0.039","8742","1","PXD030118"
"1630","0.04","8748","1","PXD030118"
"1631","0.041","8753","1","PXD030118"
"1632","0.042","8756","1","PXD030118"
"1633","0.043","8771","1","PXD030118"
"1634","0.044","8778","1","PXD030118"
"1635","0.045","8785","1","PXD030118"
"1636","0.046","8794","1","PXD030118"
"1637","0.047","8806","1","PXD030118"
"1638","0.048","8811","1","PXD030118"
"1639","0.049","8818","1","PXD030118"
"1640","0.05","8827","1","PXD030118"
